BIOGUIDE_ID,OFFICE,QUARTER,PROGRAM,CATEGORY,DATE,TRANSCODE,RECORDID,PAYEE,START DATE,END DATE,PURPOSE,AMOUNT,YEAR,RECIP (orig.)
A000370,HON. ALMA S. ADAMS,2017Q1,OFFICIAL EXPENSES OF MEMBERS,RENT  COMMUNICATION  UTILITIES,2/17/2017,AP,904174,CITI PCARD-ATT CONS PHONE PMT,1/3/2017,1/28/2017,TELECOMSRV/EQ/TOLL CHARGE,1523.67,2017,CITI PCARD-ATT CONS PHONE PMT
A000370,HON. ALMA S. ADAMS,2017Q1,OFFICIAL EXPENSES OF MEMBERS,RENT  COMMUNICATION  UTILITIES,3/21/2017,AP,912200,CITI PCARD-ATT CONS PHONE PMT,1/29/2017,2/28/2017,TELECOMSRV/EQ/TOLL CHARGE,1271.16,2017,CITI PCARD-ATT CONS PHONE PMT
A000370,HON. ALMA S. ADAMS,2017Q1,OFFICIAL EXPENSES OF MEMBERS,RENT  COMMUNICATION  UTILITIES,1/19/2017,AP,900647,CITI PCARD-ATT CONS PHONE PMT,11/29/2016,12/28/2016,TELECOMSRV/EQ/TOLL CHARGE,1588.6,2016,CITI PCARD-ATT CONS PHONE PMT
A000055,HON. ROBERT B. ADERHOLT,2017Q1,OFFICIAL EXPENSES OF MEMBERS,RENT  COMMUNICATION  UTILITIES,2/16/2017,AP,E0487563,AT & T,1/1/2017,1/31/2017,TELECOMSRV/EQ/TOLL CHARGE,1528.49,2017,AT & T
A000055,HON. ROBERT B. ADERHOLT,2017Q1,OFFICIAL EXPENSES OF MEMBERS,RENT  COMMUNICATION  UTILITIES,3/14/2017,AP,E0497170,AT & T,2/1/2017,2/28/2017,TELECOMSRV/EQ/TOLL CHARGE,1537.66,2017,AT & T
A000055,HON. ROBERT B. ADERHOLT,2017Q1,OFFICIAL EXPENSES OF MEMBERS,RENT  COMMUNICATION  UTILITIES,1/24/2017,AP,E0480427,AT & T,12/1/2016,12/31/2016,TELECOMSRV/EQ/TOLL CHARGE,1531.7,2016,AT & T
A000371,HON. PETE AGUILAR,2017Q1,OFFICIAL EXPENSES OF MEMBERS,RENT  COMMUNICATION  UTILITIES,3/14/2017,AP,E0494675,CCS INC,2/15/2017,2/15/2017,TELECOMSRV/EQ/TOLL CHARGE,5000,2017,CCS INC
A000371,HON. PETE AGUILAR,2017Q1,OFFICIAL EXPENSES OF MEMBERS,RENT  COMMUNICATION  UTILITIES,2/23/2017,AP,906649,KYVON,2/13/2017,2/13/2017,TELECOMSRV/EQ/TOLL CHARGE,2868,2017,KYVON
A000372,HON. RICK W. ALLEN,2017Q1,OFFICIAL EXPENSES OF MEMBERS,RENT  COMMUNICATION  UTILITIES,3/24/2017,AP,E0498106,FIRESIDE21,2/2/2017,2/2/2017,TELECOMSRV/EQ/TOLL CHARGE,3300,2017,FIRESIDE21
A000372,HON. RICK W. ALLEN,2017Q1,OFFICIAL EXPENSES OF MEMBERS,RENT  COMMUNICATION  UTILITIES,1/5/2017,AP,E0471726,HEATH TELEPHONE AND DATA INC,12/2/2016,12/2/2016,TELECOMSRV/EQ/TOLL CHARGE,2545,2016,HEATH TELEPHONE AND DATA INC
B001282,HON. ANDY BARR,2017Q1,OFFICIAL EXPENSES OF MEMBERS,RENT  COMMUNICATION  UTILITIES,3/24/2017,AP,912359,AVATEL TECHNOLOGIES INC,3/10/2017,3/10/2017,TELECOMSRV/EQ/TOLL CHARGE,6522.48,2017,AVATEL TECHNOLOGIES INC
B000213,HON. JOE BARTON,2017Q1,OFFICIAL EXPENSES OF MEMBERS,RENT  COMMUNICATION  UTILITIES,2/3/2017,AP,E0484908,AT&T,12/21/2016,1/20/2017,TELECOMSRV/EQ/TOLL CHARGE,1775.84,2017,AT&T
B000213,HON. JOE BARTON,2017Q1,OFFICIAL EXPENSES OF MEMBERS,RENT  COMMUNICATION  UTILITIES,3/7/2017,AP,E0494532,AT&T,1/21/2017,2/20/2017,TELECOMSRV/EQ/TOLL CHARGE,1779.44,2017,AT&T
B000213,HON. JOE BARTON,2017Q1,OFFICIAL EXPENSES OF MEMBERS,RENT  COMMUNICATION  UTILITIES,1/17/2017,AP,E0478772,AT&T,11/21/2016,12/20/2016,TELECOMSRV/EQ/TOLL CHARGE,1776.24,2016,AT&T
B000213,HON. JOE BARTON,2017Q1,OFFICIAL EXPENSES OF MEMBERS,RENT  COMMUNICATION  UTILITIES,3/24/2017,AP,912351,KYVON,3/17/2017,3/17/2017,TELECOMSRV/EQ/TOLL CHARGE,3918,2017,KYVON
B001270,HON. KAREN BASS,2017Q1,OFFICIAL EXPENSES OF MEMBERS,RENT  COMMUNICATION  UTILITIES,2/27/2017,AP,E0491122,TELEPHONE TOWNHALL MEETING INC,11/16/2016,11/16/2016,TELECOMSRV/EQ/TOLL CHARGE,4703.58,2016,TELEPHONE TOWNHALL MEETING INC
B000287,HON. XAVIER BECARRA,2017Q1,OFFICIAL EXPENSES OF MEMBERS,RENT  COMMUNICATION  UTILITIES,3/6/2017,AP,E0493342,AT&T,12/28/2016,1/27/2017,TELECOMSRV/EQ/TOLL CHARGE,1424.13,2017,AT&T
B000287,HON. XAVIER BECARRA,2017Q1,OFFICIAL EXPENSES OF MEMBERS,RENT  COMMUNICATION  UTILITIES,3/24/2017,AP,E0498928,AT&T,1/28/2017,2/27/2017,TELECOMSRV/EQ/TOLL CHARGE,1403.28,2017,AT&T
B000287,HON. XAVIER BECARRA,2017Q1,OFFICIAL EXPENSES OF MEMBERS,RENT  COMMUNICATION  UTILITIES,1/24/2017,AP,E0480020,ICONSTITUENT LLC,11/17/2016,11/17/2016,TELECOMSRV/EQ/TOLL CHARGE,3921.8,2016,ICONSTITUENT LLC
B000287,HON. XAVIER BECARRA,2017Q1,OFFICIAL EXPENSES OF MEMBERS,RENT  COMMUNICATION  UTILITIES,1/24/2017,AP,E0480023,ICONSTITUENT LLC,11/17/2016,11/17/2016,TELECOMSRV/EQ/TOLL CHARGE,4067.7,2016,ICONSTITUENT LLC
B001302,HON. ANDY BIGGS,2017Q1,OFFICIAL EXPENSES OF MEMBERS,RENT  COMMUNICATION  UTILITIES,2/2/2017,AP,E0483859,VERIZON WIRELESS,1/4/2017,1/17/2017,TELECOMSRV/EQ/TOLL CHARGE,1077.17,2017,VERIZON WIRELESS
B001302,HON. ANDY BIGGS,2017Q1,OFFICIAL EXPENSES OF MEMBERS,RENT  COMMUNICATION  UTILITIES,2/9/2017,AP,E0485105,AXIOM PUBLIC AFFAIRS LLC,1/17/2017,1/17/2017,TELECOMSRV/EQ/TOLL CHARGE,6492.02,2017,AXIOM PUBLIC AFFAIRS LLC
B001302,HON. ANDY BIGGS,2017Q1,OFFICIAL EXPENSES OF MEMBERS,RENT  COMMUNICATION  UTILITIES,3/27/2017,AP,E0498593,AXIOM PUBLIC AFFAIRS LLC,3/9/2017,3/9/2017,TELECOMSRV/EQ/TOLL CHARGE,6403.63,2017,AXIOM PUBLIC AFFAIRS LLC
B001257,HON. GUS  M. BILIRAKIS,2017Q1,OFFICIAL EXPENSES OF MEMBERS,RENT  COMMUNICATION  UTILITIES,3/31/2017,AP,E0500093,LEIDOS DIGITAL SOLUTIONS INC,2/16/2017,2/16/2017,TELECOMSRV/EQ/TOLL CHARGE,4916,2017,LEIDOS DIGITAL SOLUTIONS INC
B001293,HON. MIKE BISHOP,2017Q1,OFFICIAL EXPENSES OF MEMBERS,RENT  COMMUNICATION  UTILITIES,2/14/2017,AP,E0485094,CONSTITUENT TOWN HALL SERVICES,2/1/2017,2/1/2017,TELECOMSRV/EQ/TOLL CHARGE,2401.02,2017,CONSTITUENT TOWN HALL SERVICES
B001293,HON. MIKE BISHOP,2017Q1,OFFICIAL EXPENSES OF MEMBERS,RENT  COMMUNICATION  UTILITIES,3/6/2017,AP,E0490265,CONSTITUENT TOWN HALL SERVICES,2/15/2017,2/15/2017,TELECOMSRV/EQ/TOLL CHARGE,2362.5,2017,CONSTITUENT TOWN HALL SERVICES
B001293,HON. MIKE BISHOP,2017Q1,OFFICIAL EXPENSES OF MEMBERS,RENT  COMMUNICATION  UTILITIES,3/14/2017,AP,E0494464,CONSTITUENT TOWN HALL SERVICES,3/1/2017,3/1/2017,TELECOMSRV/EQ/TOLL CHARGE,1995,2017,CONSTITUENT TOWN HALL SERVICES
B001293,HON. MIKE BISHOP,2017Q1,OFFICIAL EXPENSES OF MEMBERS,RENT  COMMUNICATION  UTILITIES,1/4/2017,AP,E0471616,AT&T,11/7/2016,12/6/2016,TELECOMSRV/EQ/TOLL CHARGE,1376.54,2016,AT&T
B001293,HON. MIKE BISHOP,2017Q1,OFFICIAL EXPENSES OF MEMBERS,RENT  COMMUNICATION  UTILITIES,1/9/2017,AP,E0474350,ACD INC,12/22/2016,1/1/2017,TELECOMSRV/EQ/TOLL CHARGE,2255.96,2017,ACD INC
B001250,HON. ROB BISHOP,2017Q1,OFFICIAL EXPENSES OF MEMBERS,RENT  COMMUNICATION  UTILITIES,2/4/2017,AP,E0481886,VERIZON WIRELESS,1/2/2017,2/1/2017,TELECOMSRV/EQ/TOLL CHARGE,1062.03,2017,VERIZON WIRELESS
B000490,HON. SANFORD D. BISHOP  JR.,2017Q1,OFFICIAL EXPENSES OF MEMBERS,RENT  COMMUNICATION  UTILITIES,1/27/2017,AP,E0482081,AT&T,12/26/2016,1/25/2017,TELECOMSRV/EQ/TOLL CHARGE,1752.72,2017,AT&T
B001294,HON. ROD BLUM,2017Q1,OFFICIAL EXPENSES OF MEMBERS,RENT  COMMUNICATION  UTILITIES,2/17/2017,AP,904174,CITI PCARD-CENTURYLINK/SPEEDPAY,1/3/2017,1/28/2017,TELECOMSRV/EQ/TOLL CHARGE,1955.89,2017,CITI PCARD-CENTURYLINK/SPEEDPAY
B001294,HON. ROD BLUM,2017Q1,OFFICIAL EXPENSES OF MEMBERS,RENT  COMMUNICATION  UTILITIES,3/21/2017,AP,912200,CITI PCARD-VZWRLSS MY VZ VB P,1/29/2017,2/28/2017,TELECOMSRV/EQ/TOLL CHARGE,1255.87,2017,CITI PCARD-VZWRLSS MY VZ VB P
B001245,HON. MADELEINE Z. BORDALLO,2017Q1,OFFICIAL EXPENSES OF MEMBERS,RENT  COMMUNICATION  UTILITIES,1/19/2017,AP,900647,CITI PCARD-MPULSE AGANA SHOP CTR,11/29/2016,12/28/2016,TELECOMSRV/EQ/TOLL CHARGE,1096.14,2016,CITI PCARD-MPULSE AGANA SHOP CTR
B001295,HON. MIKE BOST,2017Q1,OFFICIAL EXPENSES OF MEMBERS,RENT  COMMUNICATION  UTILITIES,3/22/2017,AP,E0493264,CONSTITUENT SERVICES INC,2/13/2017,2/13/2017,TELECOMSRV/EQ/TOLL CHARGE,5350,2017,CONSTITUENT SERVICES INC
B001296,HON. BRENDAN F. BOYLE,2017Q1,OFFICIAL EXPENSES OF MEMBERS,RENT  COMMUNICATION  UTILITIES,3/6/2017,AP,E0490099,INDEPENDENCE COMMUNICATIONS & CAMPAIGNS,12/8/2016,12/8/2016,TELECOMSRV/EQ/TOLL CHARGE,2642,2016,INDEPENDENCE COMMUNICATIONS & CAMPAIGNS
B001296,HON. BRENDAN F. BOYLE,2017Q1,OFFICIAL EXPENSES OF MEMBERS,RENT  COMMUNICATION  UTILITIES,3/9/2017,AP,E0495829,CONTROL POINT GROUP LLC,12/14/2016,12/14/2016,TELECOMSRV/EQ/TOLL CHARGE,6225.38,2016,CONTROL POINT GROUP LLC
B001274,HON. MO BROOKS,2017Q1,OFFICIAL EXPENSES OF MEMBERS,RENT  COMMUNICATION  UTILITIES,3/22/2017,AP,E0495637,ICONSTITUENT LLC,2/16/2017,2/16/2017,TELECOMSRV/EQ/TOLL CHARGE,2720,2017,ICONSTITUENT LLC
B001260,HON. VERN G. BUCHANAN,2017Q1,OFFICIAL EXPENSES OF MEMBERS,RENT  COMMUNICATION  UTILITIES,2/21/2017,AP,E0487575,CONSTITUENT TOWN HALL SERVICES,1/11/2017,1/11/2017,TELECOMSRV/EQ/TOLL CHARGE,5945.63,2017,CONSTITUENT TOWN HALL SERVICES
B001260,HON. VERN G. BUCHANAN,2017Q1,OFFICIAL EXPENSES OF MEMBERS,RENT  COMMUNICATION  UTILITIES,3/14/2017,AP,E0494927,CONSTITUENT TOWN HALL SERVICES,3/1/2017,3/1/2017,TELECOMSRV/EQ/TOLL CHARGE,2362.5,2017,CONSTITUENT TOWN HALL SERVICES
B001260,HON. VERN G. BUCHANAN,2017Q1,OFFICIAL EXPENSES OF MEMBERS,RENT  COMMUNICATION  UTILITIES,1/9/2017,AP,E0474591,CONSTITUENT TOWN HALL SERVICES,12/21/2016,12/21/2016,TELECOMSRV/EQ/TOLL CHARGE,4928.4,2016,CONSTITUENT TOWN HALL SERVICES
B001297,HON. KEN BUCK,2017Q1,OFFICIAL EXPENSES OF MEMBERS,RENT  COMMUNICATION  UTILITIES,3/17/2017,AP,E0496515,TELEPHONE TOWNHALL MEETING INC,2/23/2017,2/23/2017,TELECOMSRV/EQ/TOLL CHARGE,5270.12,2017,TELEPHONE TOWNHALL MEETING INC
B001305,HON. TED BUDD,2017Q1,OFFICIAL EXPENSES OF MEMBERS,RENT  COMMUNICATION  UTILITIES,3/8/2017,AP,E0486404,RING LLC,2/2/2017,2/2/2017,TELECOMSRV/EQ/TOLL CHARGE,6833.92,2017,RING LLC
B001305,HON. TED BUDD,2017Q1,OFFICIAL EXPENSES OF MEMBERS,RENT  COMMUNICATION  UTILITIES,3/24/2017,AP,912358,KYVON,3/17/2017,3/17/2017,TELECOMSRV/EQ/TOLL CHARGE,1100,2017,KYVON
B001248,HON. MICHAEL C. BURGESS,2017Q1,OFFICIAL EXPENSES OF MEMBERS,RENT  COMMUNICATION  UTILITIES,3/13/2017,AP,E0495017,CONSTITUENT TOWN HALL SERVICES,2/15/2017,2/15/2017,TELECOMSRV/EQ/TOLL CHARGE,2250,2017,CONSTITUENT TOWN HALL SERVICES
B001248,HON. MICHAEL C. BURGESS,2017Q1,OFFICIAL EXPENSES OF MEMBERS,RENT  COMMUNICATION  UTILITIES,3/21/2017,AP,E0497434,FRONT PORCH STRATEGIES,3/1/2017,3/1/2017,TELECOMSRV/EQ/TOLL CHARGE,1053.24,2017,FRONT PORCH STRATEGIES
B001286,HON. CHERI BUSTOS,2017Q1,OFFICIAL EXPENSES OF MEMBERS,RENT  COMMUNICATION  UTILITIES,1/5/2017,AP,E0472003,GRANITE TELECOMMUNICATIONS LLC,11/1/2016,12/31/2016,TELECOMSRV/EQ/TOLL CHARGE,1435.82,2016,GRANITE TELECOMMUNICATIONS LLC
B001286,HON. CHERI BUSTOS,2017Q1,OFFICIAL EXPENSES OF MEMBERS,RENT  COMMUNICATION  UTILITIES,2/8/2017,AP,E0482795,GRANITE TELECOMMUNICATIONS LLC,12/1/2016,12/31/2016,TELECOMSRV/EQ/TOLL CHARGE,1601.89,2016,GRANITE TELECOMMUNICATIONS LLC
B001289,HON. BRADLEY BYRNE,2017Q1,OFFICIAL EXPENSES OF MEMBERS,RENT  COMMUNICATION  UTILITIES,3/2/2017,AP,E0491218,FRONT PORCH STRATEGIES,2/13/2017,2/13/2017,TELECOMSRV/EQ/TOLL CHARGE,3700,2017,FRONT PORCH STRATEGIES
C000059,HON. KEN CALVERT,2017Q1,OFFICIAL EXPENSES OF MEMBERS,RENT  COMMUNICATION  UTILITIES,2/9/2017,AP,E0485980,VERIZON WIRELESS,1/24/2017,2/23/2017,TELECOMSRV/EQ/TOLL CHARGE,1360.39,2017,VERIZON WIRELESS
C000059,HON. KEN CALVERT,2017Q1,OFFICIAL EXPENSES OF MEMBERS,RENT  COMMUNICATION  UTILITIES,2/15/2017,AP,E0487835,AT&T,12/28/2016,1/26/2017,TELECOMSRV/EQ/TOLL CHARGE,1382.25,2017,AT&T
C000059,HON. KEN CALVERT,2017Q1,OFFICIAL EXPENSES OF MEMBERS,RENT  COMMUNICATION  UTILITIES,3/10/2017,AP,E0494928,VERIZON WIRELESS,2/24/2017,3/23/2017,TELECOMSRV/EQ/TOLL CHARGE,1360.39,2017,VERIZON WIRELESS
C001037,HON. MICHAEL E. CAPUANO,2017Q1,OFFICIAL EXPENSES OF MEMBERS,RENT  COMMUNICATION  UTILITIES,2/14/2017,AP,E0481525,RONCO COMMUNICATIONS & ELECTRONICS INC,1/1/2017,12/31/2017,TELECOMSRV/EQ/TOLL CHARGE,1776,2017,RONCO COMMUNICATIONS & ELECTRONICS INC
C001097,HON. TONY CARDENAS,2017Q1,OFFICIAL EXPENSES OF MEMBERS,RENT  COMMUNICATION  UTILITIES,2/2/2017,AP,E0483529,FRONTIER COMMUNICATIONS,1/1/2017,1/31/2017,TELECOMSRV/EQ/TOLL CHARGE,1099.79,2017,FRONTIER COMMUNICATIONS
C001097,HON. TONY CARDENAS,2017Q1,OFFICIAL EXPENSES OF MEMBERS,RENT  COMMUNICATION  UTILITIES,1/24/2017,AP,900888,KYVON,1/11/2017,1/11/2017,TELECOMSRV/EQ/TOLL CHARGE,1150,2017,KYVON
C001072,2014 HON. ANDRE CARSON,2017Q1,OFFICIAL EXPENSES OF MEMBERS,RENT  COMMUNICATION  UTILITIES,1/23/2017,AP,900743,VERIZON WIRELESS,11/1/2016,11/1/2016,TELECOMSRV/EQ/TOLL CHARGE,1049.96,2016,VERIZON WIRELESS
C001091,HON. JOAQUIN CASTRO,2017Q1,OFFICIAL EXPENSES OF MEMBERS,RENT  COMMUNICATION  UTILITIES,2/17/2017,AP,904174,CITI PCARD-ATT CONS PHONE PMT,1/3/2017,1/28/2017,TELECOMSRV/EQ/TOLL CHARGE,1026.08,2017,CITI PCARD-ATT CONS PHONE PMT
C001091,HON. JOAQUIN CASTRO,2017Q1,OFFICIAL EXPENSES OF MEMBERS,RENT  COMMUNICATION  UTILITIES,3/21/2017,AP,912200,CITI PCARD-ATT CONS PHONE PMT,1/29/2017,2/28/2017,TELECOMSRV/EQ/TOLL CHARGE,1025.89,2017,CITI PCARD-ATT CONS PHONE PMT
C001091,HON. JOAQUIN CASTRO,2017Q1,OFFICIAL EXPENSES OF MEMBERS,RENT  COMMUNICATION  UTILITIES,1/19/2017,AP,900647,CITI PCARD-ATT CONS PHONE PMT,11/29/2016,12/28/2016,TELECOMSRV/EQ/TOLL CHARGE,1026.08,2016,CITI PCARD-ATT CONS PHONE PMT
C000266,HON. STEVE CHABOT,2017Q1,OFFICIAL EXPENSES OF MEMBERS,RENT  COMMUNICATION  UTILITIES,1/19/2017,AP,E0478182,VERIZON WIRELESS,12/14/2016,1/13/2017,TELECOMSRV/EQ/TOLL CHARGE,1134.91,2017,VERIZON WIRELESS
C000266,HON. STEVE CHABOT,2017Q1,OFFICIAL EXPENSES OF MEMBERS,RENT  COMMUNICATION  UTILITIES,2/24/2017,AP,E0487502,VERIZON WIRELESS,1/14/2017,2/13/2017,TELECOMSRV/EQ/TOLL CHARGE,1006.46,2017,VERIZON WIRELESS
C000266,HON. STEVE CHABOT,2017Q1,OFFICIAL EXPENSES OF MEMBERS,RENT  COMMUNICATION  UTILITIES,3/17/2017,AP,E0495558,VERIZON WIRELESS,2/14/2017,3/13/2017,TELECOMSRV/EQ/TOLL CHARGE,1079.04,2017,VERIZON WIRELESS
C001076,HON. JASON CHAFFETZ,2017Q1,OFFICIAL EXPENSES OF MEMBERS,RENT  COMMUNICATION  UTILITIES,2/17/2017,AP,904174,CITI PCARD-VZWRLSS MY VZ VB P,1/3/2017,1/28/2017,TELECOMSRV/EQ/TOLL CHARGE,1248.83,2017,CITI PCARD-VZWRLSS MY VZ VB P
C001080,HON. JUDY CHU,2017Q1,OFFICIAL EXPENSES OF MEMBERS,RENT  COMMUNICATION  UTILITIES,2/3/2017,AP,E0484296,AT&T,12/19/2016,1/18/2017,TELECOMSRV/EQ/TOLL CHARGE,1067.61,2017,AT&T
C001080,HON. JUDY CHU,2017Q1,OFFICIAL EXPENSES OF MEMBERS,RENT  COMMUNICATION  UTILITIES,3/6/2017,AP,E0493805,AT&T,1/19/2017,2/18/2017,TELECOMSRV/EQ/TOLL CHARGE,1067.45,2017,AT&T
C001080,HON. JUDY CHU,2017Q1,OFFICIAL EXPENSES OF MEMBERS,RENT  COMMUNICATION  UTILITIES,1/4/2017,AP,E0474375,AT&T,11/19/2016,12/18/2016,TELECOMSRV/EQ/TOLL CHARGE,1067.19,2016,AT&T
C001067,HON. YVETTE D. CLARKE,2017Q1,OFFICIAL EXPENSES OF MEMBERS,RENT  COMMUNICATION  UTILITIES,2/28/2017,AP,E0490796,VERIZON WIRELESS,1/19/2017,2/9/2017,TELECOMSRV/EQ/TOLL CHARGE,1085.74,2017,VERIZON WIRELESS
C001067,HON. YVETTE D. CLARKE,2017Q1,OFFICIAL EXPENSES OF MEMBERS,RENT  COMMUNICATION  UTILITIES,3/17/2017,AP,E0497146,VERIZON WIRELESS,3/1/2017,3/28/2017,TELECOMSRV/EQ/TOLL CHARGE,1312.35,2017,VERIZON WIRELESS
C001049,HON. WILLIAM LACY CLAY,2017Q1,OFFICIAL EXPENSES OF MEMBERS,RENT  COMMUNICATION  UTILITIES,2/23/2017,AP,E0489648,AT&T,12/29/2016,1/28/2017,TELECOMSRV/EQ/TOLL CHARGE,1287.62,2017,AT&T
C001049,HON. WILLIAM LACY CLAY,2017Q1,OFFICIAL EXPENSES OF MEMBERS,RENT  COMMUNICATION  UTILITIES,3/22/2017,AP,E0496446,T-MOBILE USA INC,1/24/2017,2/23/2017,TELECOMSRV/EQ/TOLL CHARGE,1025.06,2017,T-MOBILE USA INC
C001049,HON. WILLIAM LACY CLAY,2017Q1,OFFICIAL EXPENSES OF MEMBERS,RENT  COMMUNICATION  UTILITIES,1/24/2017,AP,E0478962,AT&T,11/29/2016,12/28/2016,TELECOMSRV/EQ/TOLL CHARGE,1288.02,2016,AT&T
C001061,HON. EMANUEL CLEAVER,2017Q1,OFFICIAL EXPENSES OF MEMBERS,RENT  COMMUNICATION  UTILITIES,3/2/2017,AP,E0491647,AT&T,1/3/2017,2/2/2017,TELECOMSRV/EQ/TOLL CHARGE,1203.58,2017,AT&T
C001061,HON. EMANUEL CLEAVER,2017Q1,OFFICIAL EXPENSES OF MEMBERS,RENT  COMMUNICATION  UTILITIES,2/8/2017,AP,E0485048,AT&T,12/3/2016,1/2/2017,TELECOMSRV/EQ/TOLL CHARGE,1203.59,2017,AT&T
C001053,HON. TOM COLE,2017Q1,OFFICIAL EXPENSES OF MEMBERS,RENT  COMMUNICATION  UTILITIES,1/24/2017,AP,E0480794,AT&T,1/1/2017,1/31/2017,TELECOMSRV/EQ/TOLL CHARGE,1979.37,2017,AT&T
C001053,HON. TOM COLE,2017Q1,OFFICIAL EXPENSES OF MEMBERS,RENT  COMMUNICATION  UTILITIES,2/21/2017,AP,E0489550,AT&T,2/1/2017,2/28/2017,TELECOMSRV/EQ/TOLL CHARGE,2012.56,2017,AT&T
C001053,HON. TOM COLE,2017Q1,OFFICIAL EXPENSES OF MEMBERS,RENT  COMMUNICATION  UTILITIES,3/22/2017,AP,E0498184,AT&T,3/1/2017,3/31/2017,TELECOMSRV/EQ/TOLL CHARGE,1986.01,2017,AT&T
C001092,HON. CHRIS COLLINS,2017Q1,OFFICIAL EXPENSES OF MEMBERS,RENT  COMMUNICATION  UTILITIES,2/8/2017,AP,E0485366,LEIDOS DIGITAL SOLUTIONS INC,12/30/2016,12/30/2016,TELECOMSRV/EQ/TOLL CHARGE,2350,2016,LEIDOS DIGITAL SOLUTIONS INC
C001093,HON. DOUG COLLINS,2017Q1,OFFICIAL EXPENSES OF MEMBERS,RENT  COMMUNICATION  UTILITIES,3/30/2017,AP,912169,RING LLC,2/16/2017,2/16/2017,TELECOMSRV/EQ/TOLL CHARGE,3922.4,2017,RING LLC
C001093,HON. DOUG COLLINS,2017Q1,OFFICIAL EXPENSES OF MEMBERS,RENT  COMMUNICATION  UTILITIES,3/30/2017,AP,912170,RING LLC,2/28/2017,2/28/2017,TELECOMSRV/EQ/TOLL CHARGE,4387.52,2017,RING LLC
C001093,HON. DOUG COLLINS,2017Q1,OFFICIAL EXPENSES OF MEMBERS,RENT  COMMUNICATION  UTILITIES,3/30/2017,AP,912171,RING LLC,3/9/2017,3/9/2017,TELECOMSRV/EQ/TOLL CHARGE,5812.24,2017,RING LLC
C001105,HON. BARBARA COMSTOCK,2017Q1,OFFICIAL EXPENSES OF MEMBERS,RENT  COMMUNICATION  UTILITIES,3/2/2017,AP,E0490565,FRONT PORCH STRATEGIES,2/8/2017,2/8/2017,TELECOMSRV/EQ/TOLL CHARGE,8425,2017,FRONT PORCH STRATEGIES
C001105,HON. BARBARA COMSTOCK,2017Q1,OFFICIAL EXPENSES OF MEMBERS,RENT  COMMUNICATION  UTILITIES,3/8/2017,AP,E0493617,FRONT PORCH STRATEGIES,2/21/2017,2/21/2017,TELECOMSRV/EQ/TOLL CHARGE,6550.65,2017,FRONT PORCH STRATEGIES
C001062,HON. K. MICHAEL CONAWAY,2017Q1,OFFICIAL EXPENSES OF MEMBERS,RENT  COMMUNICATION  UTILITIES,3/17/2017,AP,E0497075,AT&T,1/25/2017,2/24/2017,TELECOMSRV/EQ/TOLL CHARGE,1399.84,2017,AT&T
C001062,HON. K. MICHAEL CONAWAY,2017Q1,OFFICIAL EXPENSES OF MEMBERS,RENT  COMMUNICATION  UTILITIES,1/13/2017,AP,E0478257,AT&T,11/25/2016,12/24/2016,TELECOMSRV/EQ/TOLL CHARGE,1400.26,2016,AT&T
C001078,"HON. GERALD E. ""GERRY"" CONNOLLY",2017Q1,OFFICIAL EXPENSES OF MEMBERS,RENT  COMMUNICATION  UTILITIES,3/15/2017,AP,E0495457,ICONSTITUENT LLC,2/22/2017,2/22/2017,TELECOMSRV/EQ/TOLL CHARGE,2720,2017,ICONSTITUENT LLC
C001078,"HON. GERALD E. ""GERRY"" CONNOLLY",2017Q1,OFFICIAL EXPENSES OF MEMBERS,RENT  COMMUNICATION  UTILITIES,2/3/2017,AP,E0483293,ICONSTITUENT LLC,12/28/2016,12/28/2016,TELECOMSRV/EQ/TOLL CHARGE,3155,2016,ICONSTITUENT LLC
C001094,HON. PAUL COOK,2017Q1,OFFICIAL EXPENSES OF MEMBERS,RENT  COMMUNICATION  UTILITIES,1/25/2017,AP,E0480656,HARTL KELLIE J.,1/4/2017,1/4/2017,TELECOMSRV/EQ/TOLL CHARGE,1963.58,2017,HARTL KELLIE J.
C001063,HON. HENRY CUELLAR,2017Q1,OFFICIAL EXPENSES OF MEMBERS,RENT  COMMUNICATION  UTILITIES,1/20/2017,AP,E0479749,AT&T,1/1/2017,1/31/2017,TELECOMSRV/EQ/TOLL CHARGE,2808.85,2017,AT&T
C001063,HON. HENRY CUELLAR,2017Q1,OFFICIAL EXPENSES OF MEMBERS,RENT  COMMUNICATION  UTILITIES,2/24/2017,AP,E0490366,AT&T,2/1/2017,2/28/2017,TELECOMSRV/EQ/TOLL CHARGE,2808.43,2017,AT&T
C001063,HON. HENRY CUELLAR,2017Q1,OFFICIAL EXPENSES OF MEMBERS,RENT  COMMUNICATION  UTILITIES,3/20/2017,AP,E0497302,AT&T,3/1/2017,3/31/2017,TELECOMSRV/EQ/TOLL CHARGE,2859.83,2017,AT&T
C000984,HON. ELIJAH E. CUMMINGS,2017Q1,OFFICIAL EXPENSES OF MEMBERS,RENT  COMMUNICATION  UTILITIES,2/27/2017,AP,E0489965,VERIZON,12/28/2016,1/27/2017,TELECOMSRV/EQ/TOLL CHARGE,1587.87,2017,VERIZON
C000984,HON. ELIJAH E. CUMMINGS,2017Q1,OFFICIAL EXPENSES OF MEMBERS,RENT  COMMUNICATION  UTILITIES,2/7/2017,AP,E0484858,VERIZON,11/28/2016,12/27/2016,TELECOMSRV/EQ/TOLL CHARGE,1547.03,2016,VERIZON
D000626,HON. WARREN DAVIDSON,2017Q1,OFFICIAL EXPENSES OF MEMBERS,RENT  COMMUNICATION  UTILITIES,1/19/2017,AP,900647,CITI PCARD-TELEPHONES.ATT.COM,11/29/2016,12/28/2016,TELECOMSRV/EQ/TOLL CHARGE,1436.54,2016,CITI PCARD-TELEPHONES.ATT.COM
D000626,HON. WARREN DAVIDSON,2017Q1,OFFICIAL EXPENSES OF MEMBERS,RENT  COMMUNICATION  UTILITIES,1/19/2017,AP,E0477532,LEIDOS DIGITAL SOLUTIONS INC,12/5/2016,12/6/2016,TELECOMSRV/EQ/TOLL CHARGE,3291.58,2016,LEIDOS DIGITAL SOLUTIONS INC
D000626,HON. WARREN DAVIDSON,2017Q1,OFFICIAL EXPENSES OF MEMBERS,RENT  COMMUNICATION  UTILITIES,3/28/2017,AP,E0497371,KYVON,8/16/2016,8/26/2016,TELECOMSRV/EQ/TOLL CHARGE,6645,2016,KYVON
D000096,HON. DANNY K. DAVIS,2017Q1,OFFICIAL EXPENSES OF MEMBERS,RENT  COMMUNICATION  UTILITIES,3/5/2017,AP,E0491019,AT&T,12/25/2016,1/24/2017,TELECOMSRV/EQ/TOLL CHARGE,2303.23,2017,AT&T
D000096,HON. DANNY K. DAVIS,2017Q1,OFFICIAL EXPENSES OF MEMBERS,RENT  COMMUNICATION  UTILITIES,1/6/2017,AP,E0472754,AT&T,10/25/2016,11/24/2016,TELECOMSRV/EQ/TOLL CHARGE,2484.74,2016,AT&T
D000096,HON. DANNY K. DAVIS,2017Q1,OFFICIAL EXPENSES OF MEMBERS,RENT  COMMUNICATION  UTILITIES,2/8/2017,AP,E0483833,AT&T,11/25/2016,12/24/2016,TELECOMSRV/EQ/TOLL CHARGE,3265.32,2016,AT&T
D000598,HON. SUSAN A. DAVIS,2017Q1,OFFICIAL EXPENSES OF MEMBERS,RENT  COMMUNICATION  UTILITIES,3/30/2017,AP,E0500762,AT&T,1/19/2017,2/18/2017,TELECOMSRV/EQ/TOLL CHARGE,1289.09,2017,AT&T
D000598,HON. SUSAN A. DAVIS,2017Q1,OFFICIAL EXPENSES OF MEMBERS,RENT  COMMUNICATION  UTILITIES,1/17/2017,AP,E0478883,AT&T,11/19/2016,12/18/2016,TELECOMSRV/EQ/TOLL CHARGE,1263.18,2016,AT&T
D000216,HON. ROSA L. DELAURO,2017Q1,OFFICIAL EXPENSES OF MEMBERS,RENT  COMMUNICATION  UTILITIES,3/22/2017,AP,908010,DCS CONGRESSIONAL LLC,2/16/2017,2/16/2017,TELECOMSRV/EQ/TOLL CHARGE,3093,2017,DCS CONGRESSIONAL LLC
D000617,HON. SUZAN K. DELBENE,2017Q1,OFFICIAL EXPENSES OF MEMBERS,RENT  COMMUNICATION  UTILITIES,2/8/2017,AP,E0481829,AT&T MOBILITY,12/7/2016,1/6/2017,TELECOMSRV/EQ/TOLL CHARGE,1045.2,2017,AT&T MOBILITY
D000617,HON. SUZAN K. DELBENE,2017Q1,OFFICIAL EXPENSES OF MEMBERS,RENT  COMMUNICATION  UTILITIES,3/6/2017,AP,E0490596,AT&T MOBILITY,1/7/2017,2/6/2017,TELECOMSRV/EQ/TOLL CHARGE,1123.4,2017,AT&T MOBILITY
D000617,HON. SUZAN K. DELBENE,2017Q1,OFFICIAL EXPENSES OF MEMBERS,RENT  COMMUNICATION  UTILITIES,3/31/2017,AP,E0499172,AT&T MOBILITY,2/7/2017,3/6/2017,TELECOMSRV/EQ/TOLL CHARGE,1380.78,2017,AT&T MOBILITY
D000617,HON. SUZAN K. DELBENE,2017Q1,OFFICIAL EXPENSES OF MEMBERS,RENT  COMMUNICATION  UTILITIES,2/8/2017,AP,E0481829,AT&T MOBILITY,12/13/2016,12/13/2016,TELECOMSRV/EQ/TOLL CHARGE,4769.85,2016,AT&T MOBILITY
D000623,HON. MARK DESAULNIER,2017Q1,OFFICIAL EXPENSES OF MEMBERS,RENT  COMMUNICATION  UTILITIES,3/9/2017,AP,907661,KYVON,3/8/2017,3/8/2017,TELECOMSRV/EQ/TOLL CHARGE,1500,2017,KYVON
D000600,HON. MARIO DIAZ-BALART,2017Q1,OFFICIAL EXPENSES OF MEMBERS,RENT  COMMUNICATION  UTILITIES,2/13/2017,AP,902513,IT DIRECT INC,11/11/2016,12/14/2016,TELECOMSRV/EQ/TOLL CHARGE,3750,2016,IT DIRECT INC
D000624,HON. DEBBIE DINGELL,2017Q1,OFFICIAL EXPENSES OF MEMBERS,RENT  COMMUNICATION  UTILITIES,2/14/2017,AP,E0486694,AT&T,12/19/2016,1/18/2017,TELECOMSRV/EQ/TOLL CHARGE,1558.99,2017,AT&T
D000624,HON. DEBBIE DINGELL,2017Q1,OFFICIAL EXPENSES OF MEMBERS,RENT  COMMUNICATION  UTILITIES,1/8/2017,AP,E0474061,AT&T,10/19/2016,11/18/2016,TELECOMSRV/EQ/TOLL CHARGE,1618.46,2016,AT&T
D000624,HON. DEBBIE DINGELL,2017Q1,OFFICIAL EXPENSES OF MEMBERS,RENT  COMMUNICATION  UTILITIES,2/2/2017,AP,E0482873,AT&T,11/19/2016,12/18/2016,TELECOMSRV/EQ/TOLL CHARGE,1364.09,2016,AT&T
D000614,HON. SEAN P. DUFFY,2017Q1,OFFICIAL EXPENSES OF MEMBERS,RENT  COMMUNICATION  UTILITIES,2/7/2017,AP,E0482970,VERIZON WIRELESS,12/24/2016,1/23/2017,TELECOMSRV/EQ/TOLL CHARGE,1310.57,2017,VERIZON WIRELESS
D000614,HON. SEAN P. DUFFY,2017Q1,OFFICIAL EXPENSES OF MEMBERS,RENT  COMMUNICATION  UTILITIES,2/24/2017,AP,E0487500,LEIDOS DIGITAL SOLUTIONS INC,1/15/2017,1/16/2017,TELECOMSRV/EQ/TOLL CHARGE,1643.85,2017,LEIDOS DIGITAL SOLUTIONS INC
D000614,HON. SEAN P. DUFFY,2017Q1,OFFICIAL EXPENSES OF MEMBERS,RENT  COMMUNICATION  UTILITIES,2/28/2017,AP,E0487314,LEIDOS DIGITAL SOLUTIONS INC,1/10/2017,1/10/2017,TELECOMSRV/EQ/TOLL CHARGE,3494,2017,LEIDOS DIGITAL SOLUTIONS INC
D000614,HON. SEAN P. DUFFY,2017Q1,OFFICIAL EXPENSES OF MEMBERS,RENT  COMMUNICATION  UTILITIES,3/2/2017,AP,E0489825,VERIZON WIRELESS,1/24/2017,2/23/2017,TELECOMSRV/EQ/TOLL CHARGE,1179.3,2017,VERIZON WIRELESS
D000614,HON. SEAN P. DUFFY,2017Q1,OFFICIAL EXPENSES OF MEMBERS,RENT  COMMUNICATION  UTILITIES,3/28/2017,AP,E0498482,LEIDOS DIGITAL SOLUTIONS INC,1/23/2017,1/23/2017,TELECOMSRV/EQ/TOLL CHARGE,3277.52,2017,LEIDOS DIGITAL SOLUTIONS INC
D000614,HON. SEAN P. DUFFY,2017Q1,OFFICIAL EXPENSES OF MEMBERS,RENT  COMMUNICATION  UTILITIES,3/28/2017,AP,E0498495,LEIDOS DIGITAL SOLUTIONS INC,2/13/2017,2/13/2017,TELECOMSRV/EQ/TOLL CHARGE,2842.6,2017,LEIDOS DIGITAL SOLUTIONS INC
D000533,HON. JOHN J. DUNCAN  JR.,2017Q1,OFFICIAL EXPENSES OF MEMBERS,RENT  COMMUNICATION  UTILITIES,2/1/2017,AP,E0483305,AT & T,12/7/2016,1/6/2017,TELECOMSRV/EQ/TOLL CHARGE,1170.56,2017,AT & T
D000533,HON. JOHN J. DUNCAN  JR.,2017Q1,OFFICIAL EXPENSES OF MEMBERS,RENT  COMMUNICATION  UTILITIES,3/2/2017,AP,E0491145,AT & T,1/7/2017,2/6/2017,TELECOMSRV/EQ/TOLL CHARGE,1177.93,2017,AT & T
D000533,HON. JOHN J. DUNCAN  JR.,2017Q1,OFFICIAL EXPENSES OF MEMBERS,RENT  COMMUNICATION  UTILITIES,3/30/2017,AP,E0500664,AT & T,2/7/2017,3/6/2017,TELECOMSRV/EQ/TOLL CHARGE,1188.02,2017,AT & T
D000628,HON. NEAL P. DUNN,2017Q1,OFFICIAL EXPENSES OF MEMBERS,RENT  COMMUNICATION  UTILITIES,2/16/2017,AP,E0487519,ELECTION CONNECTIONS INC,1/12/2017,1/12/2017,TELECOMSRV/EQ/TOLL CHARGE,3375,2017,ELECTION CONNECTIONS INC
D000628,HON. NEAL P. DUNN,2017Q1,OFFICIAL EXPENSES OF MEMBERS,RENT  COMMUNICATION  UTILITIES,3/8/2017,AP,E0492123,ELECTION CONNECTIONS INC,2/14/2017,2/14/2017,TELECOMSRV/EQ/TOLL CHARGE,2700,2017,ELECTION CONNECTIONS INC
E000294,HON. TOM EMMER,2017Q1,OFFICIAL EXPENSES OF MEMBERS,RENT  COMMUNICATION  UTILITIES,1/8/2017,AP,E0473069,LEIDOS DIGITAL SOLUTIONS INC,12/12/2016,12/12/2016,TELECOMSRV/EQ/TOLL CHARGE,2252.44,2016,LEIDOS DIGITAL SOLUTIONS INC
E000179,HON. ELIOT L. ENGEL,2017Q1,OFFICIAL EXPENSES OF MEMBERS,RENT  COMMUNICATION  UTILITIES,1/27/2017,AP,E0481523,VERIZON,12/22/2016,1/21/2017,TELECOMSRV/EQ/TOLL CHARGE,1438.43,2017,VERIZON
E000179,HON. ELIOT L. ENGEL,2017Q1,OFFICIAL EXPENSES OF MEMBERS,RENT  COMMUNICATION  UTILITIES,3/9/2017,AP,E0494788,VERIZON,1/7/2017,1/22/2017,TELECOMSRV/EQ/TOLL CHARGE,1451.52,2017,VERIZON
E000179,HON. ELIOT L. ENGEL,2017Q1,OFFICIAL EXPENSES OF MEMBERS,RENT  COMMUNICATION  UTILITIES,3/22/2017,AP,E0498353,VERIZON,2/7/2017,2/22/2017,TELECOMSRV/EQ/TOLL CHARGE,1484.47,2017,VERIZON
E000179,HON. ELIOT L. ENGEL,2017Q1,OFFICIAL EXPENSES OF MEMBERS,RENT  COMMUNICATION  UTILITIES,1/11/2017,AP,897320,VERIZON,7/7/2016,7/22/2016,TELECOMSRV/EQ/TOLL CHARGE,1467.46,2016,VERIZON
E000215,HON. ANNA G. ESHOO,2017Q1,OFFICIAL EXPENSES OF MEMBERS,RENT  COMMUNICATION  UTILITIES,3/28/2017,AP,E0499923,ICONSTITUENT LLC,2/2/2017,2/2/2017,TELECOMSRV/EQ/TOLL CHARGE,2059.2,2017,ICONSTITUENT LLC
E000215,HON. ANNA G. ESHOO,2017Q1,OFFICIAL EXPENSES OF MEMBERS,RENT  COMMUNICATION  UTILITIES,3/28/2017,AP,E0499924,ICONSTITUENT LLC,2/7/2017,2/7/2017,TELECOMSRV/EQ/TOLL CHARGE,2034,2017,ICONSTITUENT LLC
E000293,HON. ELIZABETH H. ESTY,2017Q1,OFFICIAL EXPENSES OF MEMBERS,RENT  COMMUNICATION  UTILITIES,1/19/2017,AP,900647,CITI PCARD-VZWRLSS MY VZ VB P,11/29/2016,12/28/2016,TELECOMSRV/EQ/TOLL CHARGE,2041.06,2016,CITI PCARD-VZWRLSS MY VZ VB P
E000296,HON. DWIGHT EVANS,2017Q1,OFFICIAL EXPENSES OF MEMBERS,RENT  COMMUNICATION  UTILITIES,3/29/2017,AP,E0500699,KYVON,12/30/2016,12/30/2016,TELECOMSRV/EQ/TOLL CHARGE,3600,2016,KYVON
E000296,HON. DWIGHT EVANS,2017Q1,OFFICIAL EXPENSES OF MEMBERS,RENT  COMMUNICATION  UTILITIES,3/29/2017,AP,E0500725,KYVON,12/30/2016,12/30/2016,TELECOMSRV/EQ/TOLL CHARGE,1750,2016,KYVON
F000460,HON. BLAKE FARENTHOLD,2017Q1,OFFICIAL EXPENSES OF MEMBERS,RENT  COMMUNICATION  UTILITIES,3/7/2017,AP,E0493263,FRONT PORCH STRATEGIES,1/30/2017,1/30/2017,TELECOMSRV/EQ/TOLL CHARGE,2800,2017,FRONT PORCH STRATEGIES
F000460,HON. BLAKE FARENTHOLD,2017Q1,OFFICIAL EXPENSES OF MEMBERS,RENT  COMMUNICATION  UTILITIES,1/9/2017,AP,E0477352,FRONT PORCH STRATEGIES,11/29/2016,11/29/2016,TELECOMSRV/EQ/TOLL CHARGE,2800,2016,FRONT PORCH STRATEGIES
F000460,HON. BLAKE FARENTHOLD,2017Q1,OFFICIAL EXPENSES OF MEMBERS,RENT  COMMUNICATION  UTILITIES,2/17/2017,AP,904174,CITI PCARD-AT&T BILL PAYMENT,12/29/2016,1/2/2017,TELECOMSRV/EQ/TOLL CHARGE,1644.09,2017,CITI PCARD-AT&T BILL PAYMENT
F000466,HON. BRIAN K. FITZPATRICK,2017Q1,OFFICIAL EXPENSES OF MEMBERS,RENT  COMMUNICATION  UTILITIES,3/27/2017,AP,E0498580,LEIDOS DIGITAL SOLUTIONS INC,1/24/2017,1/24/2017,TELECOMSRV/EQ/TOLL CHARGE,4006.16,2017,LEIDOS DIGITAL SOLUTIONS INC
F000449,HON. JEFF FORTENBERRY,2017Q1,OFFICIAL EXPENSES OF MEMBERS,RENT  COMMUNICATION  UTILITIES,2/16/2017,AP,E0487082,CONSTITUENT TOWN HALL SERVICES,1/31/2017,1/31/2017,TELECOMSRV/EQ/TOLL CHARGE,4567.5,2017,CONSTITUENT TOWN HALL SERVICES
F000450,HON. VIRGINIA FOXX,2017Q1,OFFICIAL EXPENSES OF MEMBERS,RENT  COMMUNICATION  UTILITIES,2/13/2017,AP,E0486342,AT & T,12/29/2016,1/28/2017,TELECOMSRV/EQ/TOLL CHARGE,1111.39,2017,AT & T
F000450,HON. VIRGINIA FOXX,2017Q1,OFFICIAL EXPENSES OF MEMBERS,RENT  COMMUNICATION  UTILITIES,3/14/2017,AP,E0497066,AT & T,1/29/2017,2/28/2017,TELECOMSRV/EQ/TOLL CHARGE,1103.99,2017,AT & T
F000450,HON. VIRGINIA FOXX,2017Q1,OFFICIAL EXPENSES OF MEMBERS,RENT  COMMUNICATION  UTILITIES,1/18/2017,AP,E0477991,AT & T,11/29/2016,12/28/2016,TELECOMSRV/EQ/TOLL CHARGE,1107.68,2016,AT & T
F000462,HON. LOIS FRANKEL,2017Q1,OFFICIAL EXPENSES OF MEMBERS,RENT  COMMUNICATION  UTILITIES,2/23/2017,AP,906620,KYVON,2/10/2017,2/10/2017,TELECOMSRV/EQ/TOLL CHARGE,3828,2017,KYVON
F000372,HON. RODNEY P. FRELINGHUYSEN,2017Q1,OFFICIAL EXPENSES OF MEMBERS,RENT  COMMUNICATION  UTILITIES,3/1/2017,AP,E0491185,CONSTITUENT TOWN HALL SERVICES,2/21/2017,2/21/2017,TELECOMSRV/EQ/TOLL CHARGE,3832.5,2017,CONSTITUENT TOWN HALL SERVICES
F000372,HON. RODNEY P. FRELINGHUYSEN,2017Q1,OFFICIAL EXPENSES OF MEMBERS,RENT  COMMUNICATION  UTILITIES,3/13/2017,AP,E0494560,CONSTITUENT TOWN HALL SERVICES,2/28/2017,2/28/2017,TELECOMSRV/EQ/TOLL CHARGE,4338.96,2017,CONSTITUENT TOWN HALL SERVICES
F000372,HON. RODNEY P. FRELINGHUYSEN,2017Q1,OFFICIAL EXPENSES OF MEMBERS,RENT  COMMUNICATION  UTILITIES,3/31/2017,AP,E0501415,CONSTITUENT TOWN HALL SERVICES,3/20/2017,3/20/2017,TELECOMSRV/EQ/TOLL CHARGE,4127.7,2017,CONSTITUENT TOWN HALL SERVICES
G000578,HON. MATT GAETZ,2017Q1,OFFICIAL EXPENSES OF MEMBERS,RENT  COMMUNICATION  UTILITIES,3/2/2017,AP,E0492164,ELECTION CONNECTIONS INC,2/16/2017,2/16/2017,TELECOMSRV/EQ/TOLL CHARGE,3375,2017,ELECTION CONNECTIONS INC
G000578,HON. MATT GAETZ,2017Q1,OFFICIAL EXPENSES OF MEMBERS,RENT  COMMUNICATION  UTILITIES,3/4/2017,AP,E0491255,ELECTION CONNECTIONS INC,2/20/2017,2/20/2017,TELECOMSRV/EQ/TOLL CHARGE,1537.02,2017,ELECTION CONNECTIONS INC
G000578,HON. MATT GAETZ,2017Q1,OFFICIAL EXPENSES OF MEMBERS,RENT  COMMUNICATION  UTILITIES,3/14/2017,AP,E0496218,AT & T,1/23/2017,2/22/2017,TELECOMSRV/EQ/TOLL CHARGE,1085.98,2017,AT & T
G000578,HON. MATT GAETZ,2017Q1,OFFICIAL EXPENSES OF MEMBERS,RENT  COMMUNICATION  UTILITIES,3/30/2017,AP,E0499706,ELECTION CONNECTIONS INC,3/13/2017,3/13/2017,TELECOMSRV/EQ/TOLL CHARGE,3375,2017,ELECTION CONNECTIONS INC
G000574,HON. RUBEN GALLEGO,2017Q1,OFFICIAL EXPENSES OF MEMBERS,RENT  COMMUNICATION  UTILITIES,3/31/2017,AP,912576,CARRIER SI INC,12/30/2016,12/30/2016,TELECOMSRV/EQ/TOLL CHARGE,7579.55,2016,CARRIER SI INC
G000559,HON. JOHN GARAMENDI,2017Q1,OFFICIAL EXPENSES OF MEMBERS,RENT  COMMUNICATION  UTILITIES,3/7/2017,AP,E0493558,LEIDOS DIGITAL SOLUTIONS INC,1/18/2017,1/18/2017,TELECOMSRV/EQ/TOLL CHARGE,3757.64,2017,LEIDOS DIGITAL SOLUTIONS INC
G000552,HON. LOUIE GOHMERT,2017Q1,OFFICIAL EXPENSES OF MEMBERS,RENT  COMMUNICATION  UTILITIES,2/15/2017,AP,E0486846,FRONT PORCH STRATEGIES,1/30/2017,1/30/2017,TELECOMSRV/EQ/TOLL CHARGE,3156.2,2017,FRONT PORCH STRATEGIES
G000289,HON. BOB GOODLATTE,2017Q1,OFFICIAL EXPENSES OF MEMBERS,RENT  COMMUNICATION  UTILITIES,3/2/2017,AP,E0491698,CONSTITUENT TOWN HALL SERVICES,2/16/2017,2/16/2017,TELECOMSRV/EQ/TOLL CHARGE,3625.2,2017,CONSTITUENT TOWN HALL SERVICES
G000289,HON. BOB GOODLATTE,2017Q1,OFFICIAL EXPENSES OF MEMBERS,RENT  COMMUNICATION  UTILITIES,3/15/2017,AP,E0495309,CONSTITUENT TOWN HALL SERVICES,3/1/2017,3/1/2017,TELECOMSRV/EQ/TOLL CHARGE,2958.1,2017,CONSTITUENT TOWN HALL SERVICES
G000289,HON. BOB GOODLATTE,2017Q1,OFFICIAL EXPENSES OF MEMBERS,RENT  COMMUNICATION  UTILITIES,3/16/2017,AP,E0496588,CONSTITUENT TOWN HALL SERVICES,3/7/2017,3/7/2017,TELECOMSRV/EQ/TOLL CHARGE,3173.59,2017,CONSTITUENT TOWN HALL SERVICES
G000289,HON. BOB GOODLATTE,2017Q1,OFFICIAL EXPENSES OF MEMBERS,RENT  COMMUNICATION  UTILITIES,3/28/2017,AP,E0500266,CONSTITUENT TOWN HALL SERVICES,3/15/2017,3/15/2017,TELECOMSRV/EQ/TOLL CHARGE,1760.58,2017,CONSTITUENT TOWN HALL SERVICES
G000289,HON. BOB GOODLATTE,2017Q1,OFFICIAL EXPENSES OF MEMBERS,RENT  COMMUNICATION  UTILITIES,1/26/2017,AP,E0475991,COMMERCIAL TELEPHONE SPECIALISTS,12/23/2016,12/23/2016,TELECOMSRV/EQ/TOLL CHARGE,3675,2016,COMMERCIAL TELEPHONE SPECIALISTS
G000565,HON. PAUL A. GOSAR,2017Q1,OFFICIAL EXPENSES OF MEMBERS,RENT  COMMUNICATION  UTILITIES,1/25/2017,AP,E0480268,TELEPHONE TOWNHALL MEETING INC,12/15/2016,12/15/2016,TELECOMSRV/EQ/TOLL CHARGE,4749.08,2016,TELEPHONE TOWNHALL MEETING INC
G000377,HON. KAY GRANGER,2017Q1,OFFICIAL EXPENSES OF MEMBERS,RENT  COMMUNICATION  UTILITIES,1/9/2017,AP,E0475615,JAY COMMUNICATIONS,12/23/2016,12/23/2016,TELECOMSRV/EQ/TOLL CHARGE,1891.25,2016,JAY COMMUNICATIONS
G000577,HON. GARRET GRAVES,2017Q1,OFFICIAL EXPENSES OF MEMBERS,RENT  COMMUNICATION  UTILITIES,1/9/2017,AP,E0476548,ATTICUS MEDIA LLC,7/11/2016,7/11/2016,TELECOMSRV/EQ/TOLL CHARGE,3968.4,2016,ATTICUS MEDIA LLC
G000577,HON. GARRET GRAVES,2017Q1,OFFICIAL EXPENSES OF MEMBERS,RENT  COMMUNICATION  UTILITIES,1/9/2017,AP,E0476549,ATTICUS MEDIA LLC,6/30/2016,6/30/2016,TELECOMSRV/EQ/TOLL CHARGE,3570.4,2016,ATTICUS MEDIA LLC
G000577,HON. GARRET GRAVES,2017Q1,OFFICIAL EXPENSES OF MEMBERS,RENT  COMMUNICATION  UTILITIES,1/9/2017,AP,E0476550,ATTICUS MEDIA LLC,6/28/2016,6/28/2016,TELECOMSRV/EQ/TOLL CHARGE,2074,2016,ATTICUS MEDIA LLC
G000577,HON. GARRET GRAVES,2017Q1,OFFICIAL EXPENSES OF MEMBERS,RENT  COMMUNICATION  UTILITIES,1/19/2017,AP,900647,CITI PCARD-VZWRLSS MY VZ VB P,11/29/2016,12/28/2016,TELECOMSRV/EQ/TOLL CHARGE,1457.9,2016,CITI PCARD-VZWRLSS MY VZ VB P
G000560,HON. TOM GRAVES,2017Q1,OFFICIAL EXPENSES OF MEMBERS,RENT  COMMUNICATION  UTILITIES,3/27/2017,AP,E0497192,CITIZEN DIALOG LLC,3/1/2017,3/1/2017,TELECOMSRV/EQ/TOLL CHARGE,6000,2017,CITIZEN DIALOG LLC
G000553,HON. AL GREEN,2017Q1,OFFICIAL EXPENSES OF MEMBERS,RENT  COMMUNICATION  UTILITIES,3/21/2017,AP,912200,CITI PCARD-ATT CONS PHONE PMT,1/29/2017,2/28/2017,TELECOMSRV/EQ/TOLL CHARGE,1113.87,2017,CITI PCARD-ATT CONS PHONE PMT
G000553,HON. AL GREEN,2017Q1,OFFICIAL EXPENSES OF MEMBERS,RENT  COMMUNICATION  UTILITIES,2/17/2017,AP,904174,CITI PCARD-ATT BUS PHONE PMT,12/29/2016,1/2/2017,TELECOMSRV/EQ/TOLL CHARGE,2967,2017,CITI PCARD-ATT BUS PHONE PMT
G000410,HON. GENE GREEN,2017Q1,OFFICIAL EXPENSES OF MEMBERS,RENT  COMMUNICATION  UTILITIES,2/21/2017,AP,904231,M & M COMMUNICATIONS INC,12/21/2016,12/21/2016,TELECOMSRV/EQ/TOLL CHARGE,5733.2,2016,M & M COMMUNICATIONS INC
G000410,HON. GENE GREEN,2017Q1,OFFICIAL EXPENSES OF MEMBERS,RENT  COMMUNICATION  UTILITIES,2/21/2017,AP,904233,M & M COMMUNICATIONS INC,12/21/2016,12/21/2016,TELECOMSRV/EQ/TOLL CHARGE,5070.2,2016,M & M COMMUNICATIONS INC
G000568,HON. H. MORGAN GRIFFITH,2017Q1,OFFICIAL EXPENSES OF MEMBERS,RENT  COMMUNICATION  UTILITIES,2/21/2017,AP,E0488551,CONSTITUENT TOWN HALL SERVICES,1/31/2017,1/31/2017,TELECOMSRV/EQ/TOLL CHARGE,1995,2017,CONSTITUENT TOWN HALL SERVICES
G000568,HON. H. MORGAN GRIFFITH,2017Q1,OFFICIAL EXPENSES OF MEMBERS,RENT  COMMUNICATION  UTILITIES,2/21/2017,AP,E0488557,CONSTITUENT TOWN HALL SERVICES,2/2/2017,2/2/2017,TELECOMSRV/EQ/TOLL CHARGE,2436.22,2017,CONSTITUENT TOWN HALL SERVICES
G000568,HON. H. MORGAN GRIFFITH,2017Q1,OFFICIAL EXPENSES OF MEMBERS,RENT  COMMUNICATION  UTILITIES,2/21/2017,AP,E0488566,CONSTITUENT TOWN HALL SERVICES,2/7/2017,2/7/2017,TELECOMSRV/EQ/TOLL CHARGE,2045.45,2017,CONSTITUENT TOWN HALL SERVICES
G000551,HON. RAUL M. GRIJALVA,2017Q1,OFFICIAL EXPENSES OF MEMBERS,RENT  COMMUNICATION  UTILITIES,2/23/2017,AP,906644,KYVON,2/17/2017,2/17/2017,TELECOMSRV/EQ/TOLL CHARGE,2486.5,2017,KYVON
G000551,HON. RAUL M. GRIJALVA,2017Q1,OFFICIAL EXPENSES OF MEMBERS,RENT  COMMUNICATION  UTILITIES,3/8/2017,AP,907573,KYVON,2/27/2017,2/27/2017,TELECOMSRV/EQ/TOLL CHARGE,1855,2017,KYVON
G000576,HON. GLENN GROTHMAN,2017Q1,OFFICIAL EXPENSES OF MEMBERS,RENT  COMMUNICATION  UTILITIES,3/9/2017,AP,907663,KYVON,3/6/2017,3/6/2017,TELECOMSRV/EQ/TOLL CHARGE,1700,2017,KYVON
H001045,HON. GREGG HARPER,2017Q1,OFFICIAL EXPENSES OF MEMBERS,RENT  COMMUNICATION  UTILITIES,3/30/2017,AP,E0499110,RING LLC,3/8/2017,3/8/2017,TELECOMSRV/EQ/TOLL CHARGE,4816.32,2017,RING LLC
H001053,HON. VICKY HARTZLER,2017Q1,OFFICIAL EXPENSES OF MEMBERS,RENT  COMMUNICATION  UTILITIES,3/28/2017,AP,E0498238,LEIDOS DIGITAL SOLUTIONS INC,12/7/2016,12/7/2016,TELECOMSRV/EQ/TOLL CHARGE,4825.16,2016,LEIDOS DIGITAL SOLUTIONS INC
H000324,HON. ALCEE L. HASTINGS,2017Q1,OFFICIAL EXPENSES OF MEMBERS,RENT  COMMUNICATION  UTILITIES,2/1/2017,AP,E0482227,AT & T,12/19/2016,1/18/2017,TELECOMSRV/EQ/TOLL CHARGE,1137.25,2017,AT & T
H000324,HON. ALCEE L. HASTINGS,2017Q1,OFFICIAL EXPENSES OF MEMBERS,RENT  COMMUNICATION  UTILITIES,2/10/2017,AP,E0486232,AT & T,1/19/2017,2/18/2017,TELECOMSRV/EQ/TOLL CHARGE,1145.14,2017,AT & T
H000324,HON. ALCEE L. HASTINGS,2017Q1,OFFICIAL EXPENSES OF MEMBERS,RENT  COMMUNICATION  UTILITIES,3/14/2017,AP,E0494426,AT & T,2/19/2017,3/18/2017,TELECOMSRV/EQ/TOLL CHARGE,1141.28,2017,AT & T
H000324,HON. ALCEE L. HASTINGS,2017Q1,OFFICIAL EXPENSES OF MEMBERS,RENT  COMMUNICATION  UTILITIES,1/27/2017,AP,E0482201,AT & T,7/19/2016,8/18/2016,TELECOMSRV/EQ/TOLL CHARGE,1160.86,2016,AT & T
H001036,HON. JEB HENSARLING,2017Q1,OFFICIAL EXPENSES OF MEMBERS,RENT  COMMUNICATION  UTILITIES,2/15/2017,AP,E0487620,AT&T,12/9/2016,1/8/2017,TELECOMSRV/EQ/TOLL CHARGE,1555.05,2017,AT&T
H001036,HON. JEB HENSARLING,2017Q1,OFFICIAL EXPENSES OF MEMBERS,RENT  COMMUNICATION  UTILITIES,1/30/2017,AP,E0482246,AT&T,11/9/2016,12/8/2016,TELECOMSRV/EQ/TOLL CHARGE,1555.16,2016,AT&T
H001036,HON. JEB HENSARLING,2017Q1,OFFICIAL EXPENSES OF MEMBERS,RENT  COMMUNICATION  UTILITIES,1/30/2017,AP,E0482247,AT&T,10/9/2016,11/8/2016,TELECOMSRV/EQ/TOLL CHARGE,1555.16,2016,AT&T
H001071,HON. JODY B. HICE,2017Q1,OFFICIAL EXPENSES OF MEMBERS,RENT  COMMUNICATION  UTILITIES,3/30/2017,AP,E0499995,CONSTITUENT TOWN HALL SERVICES,2/15/2017,2/15/2017,TELECOMSRV/EQ/TOLL CHARGE,3465,2017,CONSTITUENT TOWN HALL SERVICES
H001072,HON. J. FRENCH HILL,2017Q1,OFFICIAL EXPENSES OF MEMBERS,RENT  COMMUNICATION  UTILITIES,3/8/2017,AP,907495,KYVON,3/1/2017,3/1/2017,TELECOMSRV/EQ/TOLL CHARGE,1550,2017,KYVON
H001072,HON. J. FRENCH HILL,2017Q1,OFFICIAL EXPENSES OF MEMBERS,RENT  COMMUNICATION  UTILITIES,3/9/2017,AP,E0494296,VERIZON WIRELESS,2/11/2017,3/10/2017,TELECOMSRV/EQ/TOLL CHARGE,1061.43,2017,VERIZON WIRELESS
H001072,HON. J. FRENCH HILL,2017Q1,OFFICIAL EXPENSES OF MEMBERS,RENT  COMMUNICATION  UTILITIES,3/27/2017,AP,E0499426,FRONT PORCH STRATEGIES,2/15/2017,2/15/2017,TELECOMSRV/EQ/TOLL CHARGE,4400,2017,FRONT PORCH STRATEGIES
H001047,HON. JAMES A. HIMES,2017Q1,OFFICIAL EXPENSES OF MEMBERS,RENT  COMMUNICATION  UTILITIES,1/11/2017,AP,E0476811,FRONTIER COMMUNICATIONS,12/27/2016,1/26/2017,TELECOMSRV/EQ/TOLL CHARGE,1109.59,2017,FRONTIER COMMUNICATIONS
H001047,HON. JAMES A. HIMES,2017Q1,OFFICIAL EXPENSES OF MEMBERS,RENT  COMMUNICATION  UTILITIES,2/8/2017,AP,E0485469,FRONTIER COMMUNICATIONS,1/27/2017,2/26/2017,TELECOMSRV/EQ/TOLL CHARGE,1152.83,2017,FRONTIER COMMUNICATIONS
H001047,HON. JAMES A. HIMES,2017Q1,OFFICIAL EXPENSES OF MEMBERS,RENT  COMMUNICATION  UTILITIES,3/14/2017,AP,E0495456,FRONTIER COMMUNICATIONS,2/27/2017,3/26/2017,TELECOMSRV/EQ/TOLL CHARGE,1270.5,2017,FRONTIER COMMUNICATIONS
H000636,HON. RUBEN HINOJOSA,2017Q1,OFFICIAL EXPENSES OF MEMBERS,RENT  COMMUNICATION  UTILITIES,1/31/2017,AP,E0482764,AT&T,11/15/2016,12/14/2016,TELECOMSRV/EQ/TOLL CHARGE,2065.68,2016,AT&T
H001067,HON. RICHARD HUDSON,2017Q1,OFFICIAL EXPENSES OF MEMBERS,RENT  COMMUNICATION  UTILITIES,2/24/2017,AP,901890,ICONSTITUENT LLC,1/18/2017,1/18/2017,TELECOMSRV/EQ/TOLL CHARGE,1414.73,2017,ICONSTITUENT LLC
H001067,HON. RICHARD HUDSON,2017Q1,OFFICIAL EXPENSES OF MEMBERS,RENT  COMMUNICATION  UTILITIES,2/24/2017,AP,901891,ICONSTITUENT LLC,1/12/2017,1/12/2017,TELECOMSRV/EQ/TOLL CHARGE,3155,2017,ICONSTITUENT LLC
H001068,HON. JARED HUFFMAN,2017Q1,OFFICIAL EXPENSES OF MEMBERS,RENT  COMMUNICATION  UTILITIES,2/17/2017,AP,904174,CITI PCARD-VZWRLSS APOCC VISB,1/3/2017,1/28/2017,TELECOMSRV/EQ/TOLL CHARGE,1532.8,2017,CITI PCARD-VZWRLSS APOCC VISB
H001068,HON. JARED HUFFMAN,2017Q1,OFFICIAL EXPENSES OF MEMBERS,RENT  COMMUNICATION  UTILITIES,2/17/2017,AP,E0488639,GRANITE TELECOMMUNICATIONS LLC,1/1/2017,1/31/2017,TELECOMSRV/EQ/TOLL CHARGE,1866.43,2017,GRANITE TELECOMMUNICATIONS LLC
H001068,HON. JARED HUFFMAN,2017Q1,OFFICIAL EXPENSES OF MEMBERS,RENT  COMMUNICATION  UTILITIES,3/21/2017,AP,912200,CITI PCARD-VZWRLSS APOCC VISB,1/29/2017,2/28/2017,TELECOMSRV/EQ/TOLL CHARGE,1231.96,2017,CITI PCARD-VZWRLSS APOCC VISB
H001068,HON. JARED HUFFMAN,2017Q1,OFFICIAL EXPENSES OF MEMBERS,RENT  COMMUNICATION  UTILITIES,1/19/2017,AP,900647,CITI PCARD-VZWRLSS APOCC VISB,11/29/2016,12/28/2016,TELECOMSRV/EQ/TOLL CHARGE,1073.73,2016,CITI PCARD-VZWRLSS APOCC VISB
H001058,HON. BILL HUIZENGA,2017Q1,OFFICIAL EXPENSES OF MEMBERS,RENT  COMMUNICATION  UTILITIES,3/22/2017,AP,E0495685,FIRESIDE21,2/7/2017,2/7/2017,TELECOMSRV/EQ/TOLL CHARGE,1872,2017,FIRESIDE21
H001058,HON. BILL HUIZENGA,2017Q1,OFFICIAL EXPENSES OF MEMBERS,RENT  COMMUNICATION  UTILITIES,3/22/2017,AP,E0495686,FIRESIDE21,2/7/2017,2/7/2017,TELECOMSRV/EQ/TOLL CHARGE,1950,2017,FIRESIDE21
H001048,HON. DUNCAN HUNTER,2017Q1,OFFICIAL EXPENSES OF MEMBERS,RENT  COMMUNICATION  UTILITIES,1/13/2017,AP,E0476052,HIGH-TECH DIGITAL NETWORKS INC,12/31/2016,12/31/2018,TELECOMSRV/EQ/TOLL CHARGE,3425,2018,HIGH-TECH DIGITAL NETWORKS INC
H001073,HON. WILL HURD,2017Q1,OFFICIAL EXPENSES OF MEMBERS,RENT  COMMUNICATION  UTILITIES,3/21/2017,AP,912200,CITI PCARD-ATT CONS PHONE PMT,1/29/2017,2/28/2017,TELECOMSRV/EQ/TOLL CHARGE,1227.37,2017,CITI PCARD-ATT CONS PHONE PMT
I000056,HON. DARRELL E. ISSA,2017Q1,OFFICIAL EXPENSES OF MEMBERS,RENT  COMMUNICATION  UTILITIES,1/5/2017,AP,E0473635,CITIZEN DIALOG LLC,12/1/2016,12/1/2016,TELECOMSRV/EQ/TOLL CHARGE,20000,2016,CITIZEN DIALOG LLC
J000297,HON. EVAN H. JENKINS,2017Q1,OFFICIAL EXPENSES OF MEMBERS,RENT  COMMUNICATION  UTILITIES,3/13/2017,AP,E0495503,VERIZON WIRELESS,2/24/2017,3/23/2017,TELECOMSRV/EQ/TOLL CHARGE,1042.08,2017,VERIZON WIRELESS
J000297,HON. EVAN H. JENKINS,2017Q1,OFFICIAL EXPENSES OF MEMBERS,RENT  COMMUNICATION  UTILITIES,3/20/2017,AP,E0497589,RING LLC,2/15/2017,2/15/2017,TELECOMSRV/EQ/TOLL CHARGE,3829.04,2017,RING LLC
J000292,HON. BILL JOHNSON,2017Q1,OFFICIAL EXPENSES OF MEMBERS,RENT  COMMUNICATION  UTILITIES,3/12/2017,AP,E0493958,CONSTITUENT TOWN HALL SERVICES,1/24/2017,1/24/2017,TELECOMSRV/EQ/TOLL CHARGE,5313.03,2017,CONSTITUENT TOWN HALL SERVICES
J000126,HON. EDDIE BERNICE JOHNSON,2017Q1,OFFICIAL EXPENSES OF MEMBERS,RENT  COMMUNICATION  UTILITIES,2/17/2017,AP,E0489941,AT&T,12/29/2016,1/28/2017,TELECOMSRV/EQ/TOLL CHARGE,2478.45,2017,AT&T
J000126,HON. EDDIE BERNICE JOHNSON,2017Q1,OFFICIAL EXPENSES OF MEMBERS,RENT  COMMUNICATION  UTILITIES,3/21/2017,AP,912200,CITI PCARD-ATT CONS PHONE PMT,1/29/2017,2/28/2017,TELECOMSRV/EQ/TOLL CHARGE,2355.46,2017,CITI PCARD-ATT CONS PHONE PMT
J000126,HON. EDDIE BERNICE JOHNSON,2017Q1,OFFICIAL EXPENSES OF MEMBERS,RENT  COMMUNICATION  UTILITIES,3/21/2017,AP,E0499523,AT&T,1/29/2017,2/27/2017,TELECOMSRV/EQ/TOLL CHARGE,2515.95,2017,AT&T
J000288,"HON. HENRY C. ""HANK"" JOHNSON  JR.",2017Q1,OFFICIAL EXPENSES OF MEMBERS,RENT  COMMUNICATION  UTILITIES,1/12/2017,AP,E0477573,VERIZON WIRELESS,12/19/2016,1/18/2017,TELECOMSRV/EQ/TOLL CHARGE,2048.95,2017,VERIZON WIRELESS
J000288,"HON. HENRY C. ""HANK"" JOHNSON  JR.",2017Q1,OFFICIAL EXPENSES OF MEMBERS,RENT  COMMUNICATION  UTILITIES,2/8/2017,AP,E0484381,AT & T,12/17/2016,1/16/2017,TELECOMSRV/EQ/TOLL CHARGE,2286.17,2017,AT & T
J000288,"HON. HENRY C. ""HANK"" JOHNSON  JR.",2017Q1,OFFICIAL EXPENSES OF MEMBERS,RENT  COMMUNICATION  UTILITIES,2/8/2017,AP,E0485869,VERIZON WIRELESS,1/19/2017,2/18/2017,TELECOMSRV/EQ/TOLL CHARGE,1330.78,2017,VERIZON WIRELESS
J000288,"HON. HENRY C. ""HANK"" JOHNSON  JR.",2017Q1,OFFICIAL EXPENSES OF MEMBERS,RENT  COMMUNICATION  UTILITIES,3/7/2017,AP,E0492938,AT & T,1/17/2017,2/16/2017,TELECOMSRV/EQ/TOLL CHARGE,2069.91,2017,AT & T
J000288,"HON. HENRY C. ""HANK"" JOHNSON  JR.",2017Q1,OFFICIAL EXPENSES OF MEMBERS,RENT  COMMUNICATION  UTILITIES,3/28/2017,AP,E0498611,VERIZON WIRELESS,2/19/2017,3/18/2017,TELECOMSRV/EQ/TOLL CHARGE,1882.32,2017,VERIZON WIRELESS
J000288,"HON. HENRY C. ""HANK"" JOHNSON  JR.",2017Q1,OFFICIAL EXPENSES OF MEMBERS,RENT  COMMUNICATION  UTILITIES,1/18/2017,AP,E0477581,AT & T,11/17/2016,12/16/2016,TELECOMSRV/EQ/TOLL CHARGE,1897.23,2016,AT & T
J000288,"HON. HENRY C. ""HANK"" JOHNSON  JR.",2017Q1,OFFICIAL EXPENSES OF MEMBERS,RENT  COMMUNICATION  UTILITIES,1/31/2017,AP,E0479178,VERIZON WIRELESS,7/19/2016,8/18/2016,TELECOMSRV/EQ/TOLL CHARGE,3592.53,2016,VERIZON WIRELESS
J000296,HON. DAVID W. JOLLY,2017Q1,OFFICIAL EXPENSES OF MEMBERS,RENT  COMMUNICATION  UTILITIES,2/27/2017,AP,E0488903,LEIDOS DIGITAL SOLUTIONS INC,12/29/2016,12/29/2016,TELECOMSRV/EQ/TOLL CHARGE,2600,2016,LEIDOS DIGITAL SOLUTIONS INC
J000289,HON. JIM JORDAN,2017Q1,OFFICIAL EXPENSES OF MEMBERS,RENT  COMMUNICATION  UTILITIES,2/14/2017,AP,E0485426,CONSTITUENT TOWN HALL SERVICES,1/24/2017,1/24/2017,TELECOMSRV/EQ/TOLL CHARGE,3465,2017,CONSTITUENT TOWN HALL SERVICES
J000295,HON. DAVID P. JOYCE,2017Q1,OFFICIAL EXPENSES OF MEMBERS,RENT  COMMUNICATION  UTILITIES,3/17/2017,AP,E0495510,FRONT PORCH STRATEGIES,2/28/2017,2/28/2017,TELECOMSRV/EQ/TOLL CHARGE,3700,2017,FRONT PORCH STRATEGIES
K000386,HON. JOHN KATKO,2017Q1,OFFICIAL EXPENSES OF MEMBERS,RENT  COMMUNICATION  UTILITIES,2/23/2017,AP,E0489319,CONSTITUENT SERVICES INC,1/31/2017,1/31/2017,TELECOMSRV/EQ/TOLL CHARGE,5800,2017,CONSTITUENT SERVICES INC
K000386,HON. JOHN KATKO,2017Q1,OFFICIAL EXPENSES OF MEMBERS,RENT  COMMUNICATION  UTILITIES,2/24/2017,AP,906632,NORTHLAND COMMUNICATIONS,2/1/2017,2/1/2017,TELECOMSRV/EQ/TOLL CHARGE,4311.37,2017,NORTHLAND COMMUNICATIONS
K000375,HON. WILLIAM R. KEATING,2017Q1,OFFICIAL EXPENSES OF MEMBERS,RENT  COMMUNICATION  UTILITIES,1/24/2017,AP,E0480258,VERIZON WIRELESS,12/13/2016,1/12/2017,TELECOMSRV/EQ/TOLL CHARGE,1209.92,2017,VERIZON WIRELESS
K000375,HON. WILLIAM R. KEATING,2017Q1,OFFICIAL EXPENSES OF MEMBERS,RENT  COMMUNICATION  UTILITIES,2/9/2017,AP,E0485766,VERIZON WIRELESS,1/13/2017,2/12/2017,TELECOMSRV/EQ/TOLL CHARGE,1994.65,2017,VERIZON WIRELESS
K000375,HON. WILLIAM R. KEATING,2017Q1,OFFICIAL EXPENSES OF MEMBERS,RENT  COMMUNICATION  UTILITIES,2/14/2017,AP,902524,KYVON,2/13/2017,2/13/2017,TELECOMSRV/EQ/TOLL CHARGE,1750,2017,KYVON
K000375,HON. WILLIAM R. KEATING,2017Q1,OFFICIAL EXPENSES OF MEMBERS,RENT  COMMUNICATION  UTILITIES,3/8/2017,AP,E0493897,VERIZON WIRELESS,2/13/2017,3/12/2017,TELECOMSRV/EQ/TOLL CHARGE,1362.61,2017,VERIZON WIRELESS
K000376,HON. MIKE KELLY,2017Q1,OFFICIAL EXPENSES OF MEMBERS,RENT  COMMUNICATION  UTILITIES,1/10/2017,AP,E0476212,HOMETOWN CONNECTIONS INC,11/28/2016,11/28/2016,TELECOMSRV/EQ/TOLL CHARGE,3968.82,2016,HOMETOWN CONNECTIONS INC
K000379,HON. JOSEPH P. KENNEDY  III,2017Q1,OFFICIAL EXPENSES OF MEMBERS,RENT  COMMUNICATION  UTILITIES,1/13/2017,AP,E0478158,VERIZON WIRELESS,12/29/2016,1/28/2017,TELECOMSRV/EQ/TOLL CHARGE,1278.14,2017,VERIZON WIRELESS
K000379,HON. JOSEPH P. KENNEDY  III,2017Q1,OFFICIAL EXPENSES OF MEMBERS,RENT  COMMUNICATION  UTILITIES,2/13/2017,AP,E0486440,VERIZON WIRELESS,1/29/2017,2/28/2017,TELECOMSRV/EQ/TOLL CHARGE,1352.43,2017,VERIZON WIRELESS
K000379,HON. JOSEPH P. KENNEDY  III,2017Q1,OFFICIAL EXPENSES OF MEMBERS,RENT  COMMUNICATION  UTILITIES,3/30/2017,AP,912713,VERIZON WIRELESS,3/1/2017,3/28/2017,TELECOMSRV/EQ/TOLL CHARGE,1312.35,2017,VERIZON WIRELESS
K000381,HON. DEREK KILMER,2017Q1,OFFICIAL EXPENSES OF MEMBERS,RENT  COMMUNICATION  UTILITIES,1/23/2017,AP,E0477812,VERIZON WIRELESS,1/2/2017,2/1/2017,TELECOMSRV/EQ/TOLL CHARGE,1175.32,2017,VERIZON WIRELESS
K000362,HON. STEVE KING,2017Q1,OFFICIAL EXPENSES OF MEMBERS,RENT  COMMUNICATION  UTILITIES,3/21/2017,AP,912200,CITI PCARD-VZWRLSS IVR VB,1/29/2017,2/28/2017,TELECOMSRV/EQ/TOLL CHARGE,1363.04,2017,CITI PCARD-VZWRLSS IVR VB
K000362,HON. STEVE KING,2017Q1,OFFICIAL EXPENSES OF MEMBERS,RENT  COMMUNICATION  UTILITIES,1/19/2017,AP,900647,CITI PCARD-VZWRLSS IVR VB,11/29/2016,12/28/2016,TELECOMSRV/EQ/TOLL CHARGE,1041.24,2016,CITI PCARD-VZWRLSS IVR VB
K000378,HON. ADAM KINZINGER,2017Q1,OFFICIAL EXPENSES OF MEMBERS,RENT  COMMUNICATION  UTILITIES,3/9/2017,AP,E0493132,CONSTITUENT SERVICES INC,2/16/2017,2/16/2017,TELECOMSRV/EQ/TOLL CHARGE,2010,2017,CONSTITUENT SERVICES INC
K000378,HON. ADAM KINZINGER,2017Q1,OFFICIAL EXPENSES OF MEMBERS,RENT  COMMUNICATION  UTILITIES,1/19/2017,AP,E0477720,CONSTITUENT SERVICES INC,12/15/2016,12/15/2016,TELECOMSRV/EQ/TOLL CHARGE,2910,2016,CONSTITUENT SERVICES INC
K000368,HON. ANN KIRKPATRICK,2017Q1,OFFICIAL EXPENSES OF MEMBERS,RENT  COMMUNICATION  UTILITIES,1/19/2017,AP,900647,CITI PCARD-CENTURYLINK/SPEEDPAY,11/29/2016,12/28/2016,TELECOMSRV/EQ/TOLL CHARGE,2209.58,2016,CITI PCARD-CENTURYLINK/SPEEDPAY
L000585,HON. DARIN LAHOOD,2017Q1,OFFICIAL EXPENSES OF MEMBERS,RENT  COMMUNICATION  UTILITIES,3/15/2017,AP,E0494611,FRONT PORCH STRATEGIES,3/1/2017,3/1/2017,TELECOMSRV/EQ/TOLL CHARGE,6700,2017,FRONT PORCH STRATEGIES
L000560,HON. RICK LARSEN,2017Q1,OFFICIAL EXPENSES OF MEMBERS,RENT  COMMUNICATION  UTILITIES,1/20/2017,AP,E0477800,ELECTRIC LIGHTWAVE,1/1/2017,1/31/2017,TELECOMSRV/EQ/TOLL CHARGE,1436.85,2017,ELECTRIC LIGHTWAVE
L000560,HON. RICK LARSEN,2017Q1,OFFICIAL EXPENSES OF MEMBERS,RENT  COMMUNICATION  UTILITIES,2/24/2017,AP,E0487213,ELECTRIC LIGHTWAVE,2/1/2017,2/28/2017,TELECOMSRV/EQ/TOLL CHARGE,1437.1,2017,ELECTRIC LIGHTWAVE
L000560,HON. RICK LARSEN,2017Q1,OFFICIAL EXPENSES OF MEMBERS,RENT  COMMUNICATION  UTILITIES,3/27/2017,AP,E0497941,ELECTRIC LIGHTWAVE,3/1/2017,3/31/2017,TELECOMSRV/EQ/TOLL CHARGE,1460.04,2017,ELECTRIC LIGHTWAVE
L000557,HON. JOHN B. LARSON,2017Q1,OFFICIAL EXPENSES OF MEMBERS,RENT  COMMUNICATION  UTILITIES,2/2/2017,AP,E0483296,FRONTIER COMMUNICATIONS,1/1/2017,1/31/2017,TELECOMSRV/EQ/TOLL CHARGE,1769.05,2017,FRONTIER COMMUNICATIONS
L000557,HON. JOHN B. LARSON,2017Q1,OFFICIAL EXPENSES OF MEMBERS,RENT  COMMUNICATION  UTILITIES,2/2/2017,AP,E0483300,DCS CONGRESSIONAL LLC,1/13/2017,1/13/2017,TELECOMSRV/EQ/TOLL CHARGE,3593.73,2017,DCS CONGRESSIONAL LLC
L000557,HON. JOHN B. LARSON,2017Q1,OFFICIAL EXPENSES OF MEMBERS,RENT  COMMUNICATION  UTILITIES,1/9/2017,AP,E0476449,FRONTIER COMMUNICATIONS,12/1/2016,12/31/2016,TELECOMSRV/EQ/TOLL CHARGE,1770.02,2016,FRONTIER COMMUNICATIONS
L000557,HON. JOHN B. LARSON,2017Q1,OFFICIAL EXPENSES OF MEMBERS,RENT  COMMUNICATION  UTILITIES,1/10/2017,AP,E0476428,TVEYES INC,1/1/2017,12/31/2018,TELECOMSRV/EQ/TOLL CHARGE,2400,2018,TVEYES INC
L000581,HON. BRENDA L. LAWRENCE,2017Q1,OFFICIAL EXPENSES OF MEMBERS,RENT  COMMUNICATION  UTILITIES,3/21/2017,AP,912200,CITI PCARD-ATT CONS PHONE PMT,1/29/2017,2/28/2017,TELECOMSRV/EQ/TOLL CHARGE,1066.44,2017,CITI PCARD-ATT CONS PHONE PMT
L000581,HON. BRENDA L. LAWRENCE,2017Q1,OFFICIAL EXPENSES OF MEMBERS,RENT  COMMUNICATION  UTILITIES,1/19/2017,AP,900647,CITI PCARD-ATT CONS PHONE PMT,11/29/2016,12/28/2016,TELECOMSRV/EQ/TOLL CHARGE,1044.28,2016,CITI PCARD-ATT CONS PHONE PMT
L000581,HON. BRENDA L. LAWRENCE,2017Q1,OFFICIAL EXPENSES OF MEMBERS,RENT  COMMUNICATION  UTILITIES,2/17/2017,AP,904174,CITI PCARD-ATT CONS PHONE PMT,12/29/2016,1/2/2017,TELECOMSRV/EQ/TOLL CHARGE,1056.75,2017,CITI PCARD-ATT CONS PHONE PMT
L000586,HON. AL LAWSON  JR.,2017Q1,OFFICIAL EXPENSES OF MEMBERS,RENT  COMMUNICATION  UTILITIES,3/30/2017,AP,E0502476,CUSTOM SATELLITE,3/3/2017,3/3/2017,TELECOMSRV/EQ/TOLL CHARGE,1640,2017,CUSTOM SATELLITE
L000551,HON. BARBARA LEE,2017Q1,OFFICIAL EXPENSES OF MEMBERS,RENT  COMMUNICATION  UTILITIES,2/3/2017,AP,901849,KYVON,2/1/2017,2/1/2017,TELECOMSRV/EQ/TOLL CHARGE,4134,2017,KYVON
L000263,HON. SANDER M. LEVIN,2017Q1,OFFICIAL EXPENSES OF MEMBERS,RENT  COMMUNICATION  UTILITIES,3/2/2017,AP,E0489763,AT&T,12/13/2016,1/12/2017,TELECOMSRV/EQ/TOLL CHARGE,1919.96,2017,AT&T
L000263,HON. SANDER M. LEVIN,2017Q1,OFFICIAL EXPENSES OF MEMBERS,RENT  COMMUNICATION  UTILITIES,1/8/2017,AP,E0474071,AT&T,10/13/2016,11/12/2016,TELECOMSRV/EQ/TOLL CHARGE,1906.59,2016,AT&T
L000263,HON. SANDER M. LEVIN,2017Q1,OFFICIAL EXPENSES OF MEMBERS,RENT  COMMUNICATION  UTILITIES,2/7/2017,AP,E0482872,AT&T,11/13/2016,12/12/2016,TELECOMSRV/EQ/TOLL CHARGE,1867.86,2016,AT&T
L000263,HON. SANDER M. LEVIN,2017Q1,OFFICIAL EXPENSES OF MEMBERS,RENT  COMMUNICATION  UTILITIES,3/2/2017,AP,E0488727,COMPUTERWORKS,12/19/2016,12/19/2016,TELECOMSRV/EQ/TOLL CHARGE,3615,2016,COMPUTERWORKS
L000263,HON. SANDER M. LEVIN,2017Q1,OFFICIAL EXPENSES OF MEMBERS,RENT  COMMUNICATION  UTILITIES,3/2/2017,AP,E0488729,COMPUTERWORKS,12/12/2016,12/12/2016,TELECOMSRV/EQ/TOLL CHARGE,3615,2016,COMPUTERWORKS
L000287,HON. JOHN LEWIS,2017Q1,OFFICIAL EXPENSES OF MEMBERS,RENT  COMMUNICATION  UTILITIES,3/17/2017,AP,912082,KYVON,1/5/2017,1/5/2017,TELECOMSRV/EQ/TOLL CHARGE,4357,2017,KYVON
L000287,HON. JOHN LEWIS,2017Q1,OFFICIAL EXPENSES OF MEMBERS,RENT  COMMUNICATION  UTILITIES,3/21/2017,AP,912200,CITI PCARD-ATT CONS PHONE PMT,1/29/2017,2/28/2017,TELECOMSRV/EQ/TOLL CHARGE,2915.21,2017,CITI PCARD-ATT CONS PHONE PMT
L000287,HON. JOHN LEWIS,2017Q1,OFFICIAL EXPENSES OF MEMBERS,RENT  COMMUNICATION  UTILITIES,1/19/2017,AP,900647,CITI PCARD-ATT CONS PHONE PMT,11/29/2016,12/28/2016,TELECOMSRV/EQ/TOLL CHARGE,2508.02,2016,CITI PCARD-ATT CONS PHONE PMT
L000287,HON. JOHN LEWIS,2017Q1,OFFICIAL EXPENSES OF MEMBERS,RENT  COMMUNICATION  UTILITIES,2/17/2017,AP,904174,CITI PCARD-ATT CONS PHONE PMT,12/29/2016,1/2/2017,TELECOMSRV/EQ/TOLL CHARGE,2508.02,2017,CITI PCARD-ATT CONS PHONE PMT
L000582,HON. TED LIEU,2017Q1,OFFICIAL EXPENSES OF MEMBERS,RENT  COMMUNICATION  UTILITIES,2/24/2017,AP,E0490228,TELEPHONE TOWNHALL MEETING INC,2/6/2017,2/6/2017,TELECOMSRV/EQ/TOLL CHARGE,15592.27,2017,TELEPHONE TOWNHALL MEETING INC
L000397,HON. ZOE LOFGREN,2017Q1,OFFICIAL EXPENSES OF MEMBERS,RENT  COMMUNICATION  UTILITIES,1/19/2017,AP,900647,CITI PCARD-ATT BUS PHONE PMT,11/29/2016,12/28/2016,TELECOMSRV/EQ/TOLL CHARGE,2490.34,2016,CITI PCARD-ATT BUS PHONE PMT
L000397,HON. ZOE LOFGREN,2017Q1,OFFICIAL EXPENSES OF MEMBERS,RENT  COMMUNICATION  UTILITIES,2/17/2017,AP,904174,CITI PCARD-ATT BUS PHONE PMT,12/29/2016,1/2/2017,TELECOMSRV/EQ/TOLL CHARGE,2462.92,2017,CITI PCARD-ATT BUS PHONE PMT
L000397,HON. ZOE LOFGREN,2017Q1,OFFICIAL EXPENSES OF MEMBERS,RENT  COMMUNICATION  UTILITIES,3/24/2017,AP,912361,LC NETWORKS INC,2/1/2017,2/1/2017,TELECOMSRV/EQ/TOLL CHARGE,2390.9,2017,LC NETWORKS INC
L000480,HON. NITA N. LOWEY,2017Q1,OFFICIAL EXPENSES OF MEMBERS,RENT  COMMUNICATION  UTILITIES,3/14/2017,AP,E0495439,TELEPHONE TOWNHALL MEETING INC,3/1/2017,3/1/2017,TELECOMSRV/EQ/TOLL CHARGE,1791.43,2017,TELEPHONE TOWNHALL MEETING INC
L000569,HON. BLAINE LUETKEMEYER,2017Q1,OFFICIAL EXPENSES OF MEMBERS,RENT  COMMUNICATION  UTILITIES,2/27/2017,AP,E0488975,CAPITOL FRANKING GROUP LLC,12/13/2016,12/13/2016,TELECOMSRV/EQ/TOLL CHARGE,4750,2016,CAPITOL FRANKING GROUP LLC
M001193,HON. THOMAS MACARTHUR,2017Q1,OFFICIAL EXPENSES OF MEMBERS,RENT  COMMUNICATION  UTILITIES,2/28/2017,AP,E0490184,RING LLC,2/13/2017,2/13/2017,TELECOMSRV/EQ/TOLL CHARGE,5515.8,2017,RING LLC
M001193,HON. THOMAS MACARTHUR,2017Q1,OFFICIAL EXPENSES OF MEMBERS,RENT  COMMUNICATION  UTILITIES,3/16/2017,AP,E0496580,RING LLC,2/22/2017,2/22/2017,TELECOMSRV/EQ/TOLL CHARGE,3377.96,2017,RING LLC
M001158,HON. KENNY MARCHANT,2017Q1,OFFICIAL EXPENSES OF MEMBERS,RENT  COMMUNICATION  UTILITIES,2/16/2017,AP,E0489028,AT&T,1/1/2017,1/31/2017,TELECOMSRV/EQ/TOLL CHARGE,1266.58,2017,AT&T
M001158,HON. KENNY MARCHANT,2017Q1,OFFICIAL EXPENSES OF MEMBERS,RENT  COMMUNICATION  UTILITIES,3/30/2017,AP,E0500413,AT&T,2/1/2017,2/28/2017,TELECOMSRV/EQ/TOLL CHARGE,1266.58,2017,AT&T
M001158,HON. KENNY MARCHANT,2017Q1,OFFICIAL EXPENSES OF MEMBERS,RENT  COMMUNICATION  UTILITIES,1/24/2017,AP,E0480282,AT&T,12/1/2016,12/31/2016,TELECOMSRV/EQ/TOLL CHARGE,1266.94,2016,AT&T
M001198,HON. ROGER W. MARSHALL,2017Q1,OFFICIAL EXPENSES OF MEMBERS,RENT  COMMUNICATION  UTILITIES,3/9/2017,AP,907657,KYVON,3/6/2017,3/6/2017,TELECOMSRV/EQ/TOLL CHARGE,1050,2017,KYVON
M001184,HON. THOMAS MASSIE,2017Q1,OFFICIAL EXPENSES OF MEMBERS,RENT  COMMUNICATION  UTILITIES,3/21/2017,AP,912200,CITI PCARD-VZWRLSS MY VZ VB P,1/29/2017,2/28/2017,TELECOMSRV/EQ/TOLL CHARGE,1220.56,2017,CITI PCARD-VZWRLSS MY VZ VB P
M001184,HON. THOMAS MASSIE,2017Q1,OFFICIAL EXPENSES OF MEMBERS,RENT  COMMUNICATION  UTILITIES,1/19/2017,AP,900647,CITI PCARD-VZWRLSS MY VZ VB P,11/29/2016,12/28/2016,TELECOMSRV/EQ/TOLL CHARGE,2232.08,2016,CITI PCARD-VZWRLSS MY VZ VB P
M001184,HON. THOMAS MASSIE,2017Q1,OFFICIAL EXPENSES OF MEMBERS,RENT  COMMUNICATION  UTILITIES,2/22/2017,AP,901040,VERIZON WIRELESS,11/24/2016,12/23/2016,TELECOMSRV/EQ/TOLL CHARGE,2316.02,2016,VERIZON WIRELESS
M001199,HON. BRIAN J. MAST,2017Q1,OFFICIAL EXPENSES OF MEMBERS,RENT  COMMUNICATION  UTILITIES,3/8/2017,AP,E0490844,FRONT PORCH STRATEGIES,2/15/2017,2/15/2017,TELECOMSRV/EQ/TOLL CHARGE,2600,2017,FRONT PORCH STRATEGIES
M001177,HON. TOM MCCLINTOCK,2017Q1,OFFICIAL EXPENSES OF MEMBERS,RENT  COMMUNICATION  UTILITIES,2/6/2017,AP,901761,CARDINAL COMMUNICATIONS STRATEGIES LLC,1/17/2017,1/17/2017,TELECOMSRV/EQ/TOLL CHARGE,4800,2017,CARDINAL COMMUNICATIONS STRATEGIES LLC
M000312,HON. JAMES P. MCGOVERN,2017Q1,OFFICIAL EXPENSES OF MEMBERS,RENT  COMMUNICATION  UTILITIES,3/1/2017,AP,E0491103,NEW HORIZON COMMUNICATIONS CORP,1/1/2017,1/31/2017,TELECOMSRV/EQ/TOLL CHARGE,1250.36,2017,NEW HORIZON COMMUNICATIONS CORP
M000312,HON. JAMES P. MCGOVERN,2017Q1,OFFICIAL EXPENSES OF MEMBERS,RENT  COMMUNICATION  UTILITIES,3/28/2017,AP,E0499588,NEW HORIZON COMMUNICATIONS CORP,3/1/2017,3/31/2017,TELECOMSRV/EQ/TOLL CHARGE,1882.84,2017,NEW HORIZON COMMUNICATIONS CORP
M001180,HON. DAVID B. MCKINLEY,2017Q1,OFFICIAL EXPENSES OF MEMBERS,RENT  COMMUNICATION  UTILITIES,1/5/2017,AP,E0474936,CITIZEN DIALOG LLC,11/30/2016,11/30/2016,TELECOMSRV/EQ/TOLL CHARGE,3600,2016,CITIZEN DIALOG LLC
M001166,HON. JERRY MCNERNEY,2017Q1,OFFICIAL EXPENSES OF MEMBERS,RENT  COMMUNICATION  UTILITIES,3/3/2017,AP,E0492198,AT&T,12/28/2016,1/27/2017,TELECOMSRV/EQ/TOLL CHARGE,1087.54,2017,AT&T
M001166,HON. JERRY MCNERNEY,2017Q1,OFFICIAL EXPENSES OF MEMBERS,RENT  COMMUNICATION  UTILITIES,3/16/2017,AP,E0496276,AT&T,1/28/2017,2/27/2017,TELECOMSRV/EQ/TOLL CHARGE,1092.15,2017,AT&T
M001166,HON. JERRY MCNERNEY,2017Q1,OFFICIAL EXPENSES OF MEMBERS,RENT  COMMUNICATION  UTILITIES,1/12/2017,AP,E0478633,AT&T,10/28/2016,11/27/2016,TELECOMSRV/EQ/TOLL CHARGE,1066.73,2016,AT&T
M001181,HON. PATRICK MEEHAN,2017Q1,OFFICIAL EXPENSES OF MEMBERS,RENT  COMMUNICATION  UTILITIES,3/9/2017,AP,907655,KYVON,3/6/2017,3/6/2017,TELECOMSRV/EQ/TOLL CHARGE,3179,2017,KYVON
M001144,HON. JEFF MILLER,2017Q1,OFFICIAL EXPENSES OF MEMBERS,RENT  COMMUNICATION  UTILITIES,1/25/2017,AP,E0481963,AT & T,11/23/2016,12/22/2016,TELECOMSRV/EQ/TOLL CHARGE,1265.96,2016,AT & T
M001201,HON. PAUL MITCHELL,2017Q1,OFFICIAL EXPENSES OF MEMBERS,RENT  COMMUNICATION  UTILITIES,3/17/2017,AP,E0495043,CONSTITUENT TOWN HALL SERVICES,3/1/2017,3/1/2017,TELECOMSRV/EQ/TOLL CHARGE,1995,2017,CONSTITUENT TOWN HALL SERVICES
M001194,HON. JOHN R. MOOLENAAR,2017Q1,OFFICIAL EXPENSES OF MEMBERS,RENT  COMMUNICATION  UTILITIES,3/23/2017,AP,E0497779,LEIDOS DIGITAL SOLUTIONS INC,2/15/2017,2/15/2017,TELECOMSRV/EQ/TOLL CHARGE,5530,2017,LEIDOS DIGITAL SOLUTIONS INC
M001195,HON. ALEXANDER X. MOONEY,2017Q1,OFFICIAL EXPENSES OF MEMBERS,RENT  COMMUNICATION  UTILITIES,3/17/2017,AP,E0495838,CITIZEN DIALOG LLC,2/27/2017,2/27/2017,TELECOMSRV/EQ/TOLL CHARGE,5250,2017,CITIZEN DIALOG LLC
M001190,HON. MARKWAYNE MULLIN,2017Q1,OFFICIAL EXPENSES OF MEMBERS,RENT  COMMUNICATION  UTILITIES,3/1/2017,AP,E0491679,FRONT PORCH STRATEGIES,2/7/2017,2/7/2017,TELECOMSRV/EQ/TOLL CHARGE,2600,2017,FRONT PORCH STRATEGIES
M001151,HON. TIM MURPHY,2017Q1,OFFICIAL EXPENSES OF MEMBERS,RENT  COMMUNICATION  UTILITIES,2/7/2017,AP,E0484691,LEIDOS DIGITAL SOLUTIONS INC,1/18/2017,1/18/2017,TELECOMSRV/EQ/TOLL CHARGE,3757.64,2017,LEIDOS DIGITAL SOLUTIONS INC
N000189,HON. DAN NEWHOUSE,2017Q1,OFFICIAL EXPENSES OF MEMBERS,RENT  COMMUNICATION  UTILITIES,1/13/2017,AP,E0476020,VERIZON WIRELESS,12/24/2016,1/23/2017,TELECOMSRV/EQ/TOLL CHARGE,1193.77,2017,VERIZON WIRELESS
N000189,HON. DAN NEWHOUSE,2017Q1,OFFICIAL EXPENSES OF MEMBERS,RENT  COMMUNICATION  UTILITIES,2/10/2017,AP,E0485384,VERIZON WIRELESS,1/24/2017,2/23/2017,TELECOMSRV/EQ/TOLL CHARGE,1194.38,2017,VERIZON WIRELESS
N000189,HON. DAN NEWHOUSE,2017Q1,OFFICIAL EXPENSES OF MEMBERS,RENT  COMMUNICATION  UTILITIES,3/17/2017,AP,E0495693,VERIZON WIRELESS,2/24/2017,3/23/2017,TELECOMSRV/EQ/TOLL CHARGE,1096.5,2017,VERIZON WIRELESS
N000127,HON. RICHARD M. NOLAN,2017Q1,OFFICIAL EXPENSES OF MEMBERS,RENT  COMMUNICATION  UTILITIES,3/21/2017,AP,912200,CITI PCARD-VZWRLSS APOCC VISB,1/29/2017,2/28/2017,TELECOMSRV/EQ/TOLL CHARGE,1177.69,2017,CITI PCARD-VZWRLSS APOCC VISB
N000127,HON. RICHARD M. NOLAN,2017Q1,OFFICIAL EXPENSES OF MEMBERS,RENT  COMMUNICATION  UTILITIES,1/19/2017,AP,900647,CITI PCARD-VZWRLSS APOCC VISB,11/29/2016,12/28/2016,TELECOMSRV/EQ/TOLL CHARGE,1194.3,2016,CITI PCARD-VZWRLSS APOCC VISB
N000127,HON. RICHARD M. NOLAN,2017Q1,OFFICIAL EXPENSES OF MEMBERS,RENT  COMMUNICATION  UTILITIES,2/17/2017,AP,904174,CITI PCARD-VZWRLSS APOCC VISB,12/29/2016,1/2/2017,TELECOMSRV/EQ/TOLL CHARGE,1178.35,2017,CITI PCARD-VZWRLSS APOCC VISB
N000147,HON. ELEANOR HOLMES NORTON,2017Q1,OFFICIAL EXPENSES OF MEMBERS,RENT  COMMUNICATION  UTILITIES,2/21/2017,AP,E0484414,DC TREASURER,12/1/2016,12/31/2016,TELECOMSRV/EQ/TOLL CHARGE,10490.7,2016,DC TREASURER
O000170,"HON. BETO O""ROURKE",2017Q1,OFFICIAL EXPENSES OF MEMBERS,RENT  COMMUNICATION  UTILITIES,1/19/2017,AP,900647,CITI PCARD-ATT CONS PHONE PMT,11/29/2016,12/28/2016,TELECOMSRV/EQ/TOLL CHARGE,1069.68,2016,CITI PCARD-ATT CONS PHONE PMT
P000609,HON. GARY J. PALMER,2017Q1,OFFICIAL EXPENSES OF MEMBERS,RENT  COMMUNICATION  UTILITIES,3/27/2017,AP,E0497914,LEIDOS DIGITAL SOLUTIONS INC,2/16/2017,2/16/2017,TELECOMSRV/EQ/TOLL CHARGE,4301,2017,LEIDOS DIGITAL SOLUTIONS INC
P000594,HON. ERIK PAULSEN,2017Q1,OFFICIAL EXPENSES OF MEMBERS,RENT  COMMUNICATION  UTILITIES,3/28/2017,AP,E0497408,ICONSTITUENT LLC,1/30/2017,1/30/2017,TELECOMSRV/EQ/TOLL CHARGE,3100,2017,ICONSTITUENT LLC
P000594,HON. ERIK PAULSEN,2017Q1,OFFICIAL EXPENSES OF MEMBERS,RENT  COMMUNICATION  UTILITIES,3/28/2017,AP,E0497409,ICONSTITUENT LLC,2/7/2017,2/7/2017,TELECOMSRV/EQ/TOLL CHARGE,3100,2017,ICONSTITUENT LLC
P000588,HON. STEVAN PEARCE,2017Q1,OFFICIAL EXPENSES OF MEMBERS,RENT  COMMUNICATION  UTILITIES,1/10/2017,AP,E0476238,VERIZON WIRELESS,12/5/2016,1/4/2017,TELECOMSRV/EQ/TOLL CHARGE,1378.76,2017,VERIZON WIRELESS
P000588,HON. STEVAN PEARCE,2017Q1,OFFICIAL EXPENSES OF MEMBERS,RENT  COMMUNICATION  UTILITIES,1/31/2017,AP,E0482841,VERIZON WIRELESS,1/5/2017,2/4/2017,TELECOMSRV/EQ/TOLL CHARGE,1408.09,2017,VERIZON WIRELESS
P000588,HON. STEVAN PEARCE,2017Q1,OFFICIAL EXPENSES OF MEMBERS,RENT  COMMUNICATION  UTILITIES,3/6/2017,AP,E0492656,VERIZON WIRELESS,2/5/2017,3/4/2017,TELECOMSRV/EQ/TOLL CHARGE,1392.14,2017,VERIZON WIRELESS
P000593,HON. ED PERLMUTTER,2017Q1,OFFICIAL EXPENSES OF MEMBERS,RENT  COMMUNICATION  UTILITIES,2/21/2017,AP,E0487421,FIRESIDE21,1/26/2017,1/26/2017,TELECOMSRV/EQ/TOLL CHARGE,5750,2017,FIRESIDE21
P000608,HON. SCOTT H. PETERS,2017Q1,OFFICIAL EXPENSES OF MEMBERS,RENT  COMMUNICATION  UTILITIES,2/3/2017,AP,E0483946,AT&T,12/17/2016,1/16/2017,TELECOMSRV/EQ/TOLL CHARGE,1335.87,2017,AT&T
P000608,HON. SCOTT H. PETERS,2017Q1,OFFICIAL EXPENSES OF MEMBERS,RENT  COMMUNICATION  UTILITIES,3/6/2017,AP,E0492756,AT&T,1/17/2017,2/16/2017,TELECOMSRV/EQ/TOLL CHARGE,1451.11,2017,AT&T
P000606,HON. ROBERT PITTENGER,2017Q1,OFFICIAL EXPENSES OF MEMBERS,RENT  COMMUNICATION  UTILITIES,3/22/2017,AP,907688,TELEPHONE TOWNHALL MEETING INC,2/23/2017,2/23/2017,TELECOMSRV/EQ/TOLL CHARGE,3711.71,2017,TELEPHONE TOWNHALL MEETING INC
P000606,HON. ROBERT PITTENGER,2017Q1,OFFICIAL EXPENSES OF MEMBERS,RENT  COMMUNICATION  UTILITIES,2/8/2017,AP,902174,KYVON,2/6/2017,2/6/2017,TELECOMSRV/EQ/TOLL CHARGE,3000,2017,KYVON
P000610,HON. STACEY PLASKETT,2017Q1,OFFICIAL EXPENSES OF MEMBERS,RENT  COMMUNICATION  UTILITIES,2/17/2017,AP,904174,CITI PCARD-INNOVATIVE,1/3/2017,1/28/2017,TELECOMSRV/EQ/TOLL CHARGE,1435.15,2017,CITI PCARD-INNOVATIVE
P000610,HON. STACEY PLASKETT,2017Q1,OFFICIAL EXPENSES OF MEMBERS,RENT  COMMUNICATION  UTILITIES,3/21/2017,AP,912200,CITI PCARD-INNOVATIVE,1/29/2017,2/28/2017,TELECOMSRV/EQ/TOLL CHARGE,1430.31,2017,CITI PCARD-INNOVATIVE
P000610,HON. STACEY PLASKETT,2017Q1,OFFICIAL EXPENSES OF MEMBERS,RENT  COMMUNICATION  UTILITIES,1/19/2017,AP,900647,CITI PCARD-INNOVATIVE,11/29/2016,12/28/2016,TELECOMSRV/EQ/TOLL CHARGE,1436.05,2016,CITI PCARD-INNOVATIVE
P000592,HON. TED POE,2017Q1,OFFICIAL EXPENSES OF MEMBERS,RENT  COMMUNICATION  UTILITIES,1/13/2017,AP,E0477213,EXTENSION NINETEEN ANSWERING SERVICE,1/1/2017,1/1/2018,TELECOMSRV/EQ/TOLL CHARGE,9918.11,2018,EXTENSION NINETEEN ANSWERING SERVICE
P000592,HON. TED POE,2017Q1,OFFICIAL EXPENSES OF MEMBERS,RENT  COMMUNICATION  UTILITIES,3/2/2017,AP,E0492028,FRONT PORCH STRATEGIES,2/15/2017,2/15/2017,TELECOMSRV/EQ/TOLL CHARGE,3700,2017,FRONT PORCH STRATEGIES
P000592,HON. TED POE,2017Q1,OFFICIAL EXPENSES OF MEMBERS,RENT  COMMUNICATION  UTILITIES,3/30/2017,AP,E0500788,COMPUTERWORKS,3/3/2017,3/3/2017,TELECOMSRV/EQ/TOLL CHARGE,5260,2017,COMPUTERWORKS
P000598,HON. JARED POLIS,2017Q1,OFFICIAL EXPENSES OF MEMBERS,RENT  COMMUNICATION  UTILITIES,1/19/2017,AP,900647,CITI PCARD-CENTURYLINK/SPEEDPAY,11/29/2016,12/28/2016,TELECOMSRV/EQ/TOLL CHARGE,1172.27,2016,CITI PCARD-CENTURYLINK/SPEEDPAY
P000602,HON. MIKE POMPEO,2017Q1,OFFICIAL EXPENSES OF MEMBERS,RENT  COMMUNICATION  UTILITIES,2/1/2017,AP,E0481168,VERIZON WIRELESS,1/7/2017,2/6/2017,TELECOMSRV/EQ/TOLL CHARGE,1567.23,2017,VERIZON WIRELESS
P000602,HON. MIKE POMPEO,2017Q1,OFFICIAL EXPENSES OF MEMBERS,RENT  COMMUNICATION  UTILITIES,2/8/2017,AP,E0484336,AT&T,12/15/2016,1/14/2017,TELECOMSRV/EQ/TOLL CHARGE,1635.38,2017,AT&T
P000602,HON. MIKE POMPEO,2017Q1,OFFICIAL EXPENSES OF MEMBERS,RENT  COMMUNICATION  UTILITIES,3/14/2017,AP,E0495100,AT&T,1/15/2017,2/14/2017,TELECOMSRV/EQ/TOLL CHARGE,1635.27,2017,AT&T
P000602,HON. MIKE POMPEO,2017Q1,OFFICIAL EXPENSES OF MEMBERS,RENT  COMMUNICATION  UTILITIES,1/8/2017,AP,E0474529,AT&T,11/15/2016,12/14/2016,TELECOMSRV/EQ/TOLL CHARGE,1635.81,2016,AT&T
P000599,HON. BILL POSEY,2017Q1,OFFICIAL EXPENSES OF MEMBERS,RENT  COMMUNICATION  UTILITIES,3/21/2017,AP,E0495595,CONSTITUENT TOWN HALL SERVICES,2/15/2017,2/15/2017,TELECOMSRV/EQ/TOLL CHARGE,1995,2017,CONSTITUENT TOWN HALL SERVICES
P000599,HON. BILL POSEY,2017Q1,OFFICIAL EXPENSES OF MEMBERS,RENT  COMMUNICATION  UTILITIES,3/22/2017,AP,E0496665,CONSTITUENT TOWN HALL SERVICES,3/1/2017,3/1/2017,TELECOMSRV/EQ/TOLL CHARGE,2102.51,2017,CONSTITUENT TOWN HALL SERVICES
P000591,HON. TOM PRICE,2017Q1,OFFICIAL EXPENSES OF MEMBERS,RENT  COMMUNICATION  UTILITIES,3/14/2017,AP,E0496364,AT & T,1/19/2017,2/18/2017,TELECOMSRV/EQ/TOLL CHARGE,1141.58,2017,AT & T
P000591,HON. TOM PRICE,2017Q1,OFFICIAL EXPENSES OF MEMBERS,RENT  COMMUNICATION  UTILITIES,3/16/2017,AP,E0494645,AT & T,12/19/2016,1/18/2017,TELECOMSRV/EQ/TOLL CHARGE,1142.35,2017,AT & T
P000591,HON. TOM PRICE,2017Q1,OFFICIAL EXPENSES OF MEMBERS,RENT  COMMUNICATION  UTILITIES,1/19/2017,AP,E0477712,AT & T,11/19/2016,12/18/2016,TELECOMSRV/EQ/TOLL CHARGE,1140.29,2016,AT & T
Q000023,HON. MIKE QUIGLEY,2017Q1,OFFICIAL EXPENSES OF MEMBERS,RENT  COMMUNICATION  UTILITIES,3/10/2017,AP,E0493191,VERIZON WIRELESS,2/14/2017,3/13/2017,TELECOMSRV/EQ/TOLL CHARGE,1073.08,2017,VERIZON WIRELESS
R000586,HON. JAMES B. RENACCI,2017Q1,OFFICIAL EXPENSES OF MEMBERS,RENT  COMMUNICATION  UTILITIES,2/10/2017,AP,E0484581,VERIZON WIRELESS,1/9/2017,2/8/2017,TELECOMSRV/EQ/TOLL CHARGE,1082.06,2017,VERIZON WIRELESS
R000586,HON. JAMES B. RENACCI,2017Q1,OFFICIAL EXPENSES OF MEMBERS,RENT  COMMUNICATION  UTILITIES,3/17/2017,AP,E0496052,VERIZON WIRELESS,2/9/2017,3/8/2017,TELECOMSRV/EQ/TOLL CHARGE,1079.53,2017,VERIZON WIRELESS
R000602,HON. KATHLEEN M. RICE,2017Q1,OFFICIAL EXPENSES OF MEMBERS,RENT  COMMUNICATION  UTILITIES,1/26/2017,AP,E0481860,VERIZON WIRELESS,12/24/2016,1/23/2017,TELECOMSRV/EQ/TOLL CHARGE,1176.85,2017,VERIZON WIRELESS
R000602,HON. KATHLEEN M. RICE,2017Q1,OFFICIAL EXPENSES OF MEMBERS,RENT  COMMUNICATION  UTILITIES,2/23/2017,AP,906652,KYVON,2/13/2017,2/13/2017,TELECOMSRV/EQ/TOLL CHARGE,3156,2017,KYVON
R000588,HON. CEDRIC L. RICHMOND,2017Q1,OFFICIAL EXPENSES OF MEMBERS,RENT  COMMUNICATION  UTILITIES,3/15/2017,AP,E0498066,AT & T,12/29/2016,1/28/2017,TELECOMSRV/EQ/TOLL CHARGE,1038.09,2017,AT & T
R000588,HON. CEDRIC L. RICHMOND,2017Q1,OFFICIAL EXPENSES OF MEMBERS,RENT  COMMUNICATION  UTILITIES,3/15/2017,AP,E0498067,AT & T,1/29/2017,2/28/2017,TELECOMSRV/EQ/TOLL CHARGE,1038.09,2017,AT & T
R000588,HON. CEDRIC L. RICHMOND,2017Q1,OFFICIAL EXPENSES OF MEMBERS,RENT  COMMUNICATION  UTILITIES,2/7/2017,AP,E0485456,AT & T,11/29/2016,12/28/2016,TELECOMSRV/EQ/TOLL CHARGE,1038.51,2016,AT & T
R000582,HON. DAVID P. ROE,2017Q1,OFFICIAL EXPENSES OF MEMBERS,RENT  COMMUNICATION  UTILITIES,3/8/2017,AP,E0492004,ICONSTITUENT LLC,2/14/2017,2/14/2017,TELECOMSRV/EQ/TOLL CHARGE,3191.4,2017,ICONSTITUENT LLC
R000582,HON. DAVID P. ROE,2017Q1,OFFICIAL EXPENSES OF MEMBERS,RENT  COMMUNICATION  UTILITIES,3/8/2017,AP,E0491999,ICONSTITUENT LLC,12/6/2016,12/6/2016,TELECOMSRV/EQ/TOLL CHARGE,3209.1,2016,ICONSTITUENT LLC
R000582,HON. DAVID P. ROE,2017Q1,OFFICIAL EXPENSES OF MEMBERS,RENT  COMMUNICATION  UTILITIES,3/8/2017,AP,E0492003,VERIZON WIRELESS,11/24/2016,12/23/2016,TELECOMSRV/EQ/TOLL CHARGE,1270.68,2016,VERIZON WIRELESS
R000598,HON. KEITH J. ROTHFUS,2017Q1,OFFICIAL EXPENSES OF MEMBERS,RENT  COMMUNICATION  UTILITIES,2/22/2017,AP,E0489129,LEIDOS DIGITAL SOLUTIONS INC,1/12/2017,1/12/2017,TELECOMSRV/EQ/TOLL CHARGE,2284.36,2017,LEIDOS DIGITAL SOLUTIONS INC
R000598,HON. KEITH J. ROTHFUS,2017Q1,OFFICIAL EXPENSES OF MEMBERS,RENT  COMMUNICATION  UTILITIES,3/27/2017,AP,E0499133,LEIDOS DIGITAL SOLUTIONS INC,2/13/2017,2/13/2017,TELECOMSRV/EQ/TOLL CHARGE,2242.36,2017,LEIDOS DIGITAL SOLUTIONS INC
R000603,HON. DAVID ROUZER,2017Q1,OFFICIAL EXPENSES OF MEMBERS,RENT  COMMUNICATION  UTILITIES,2/27/2017,AP,902541,VERIZON WIRELESS,2/2/2017,3/1/2017,TELECOMSRV/EQ/TOLL CHARGE,1097.19,2017,VERIZON WIRELESS
R000486,HON. LUCILLE ROYBAL-ALLARD,2017Q1,OFFICIAL EXPENSES OF MEMBERS,RENT  COMMUNICATION  UTILITIES,3/14/2017,AP,E0495570,AT&T,12/28/2016,1/27/2017,TELECOMSRV/EQ/TOLL CHARGE,1250.94,2017,AT&T
R000486,HON. LUCILLE ROYBAL-ALLARD,2017Q1,OFFICIAL EXPENSES OF MEMBERS,RENT  COMMUNICATION  UTILITIES,3/16/2017,AP,E0496567,AT&T,1/28/2017,2/27/2017,TELECOMSRV/EQ/TOLL CHARGE,1313.93,2017,AT&T
R000486,HON. LUCILLE ROYBAL-ALLARD,2017Q1,OFFICIAL EXPENSES OF MEMBERS,RENT  COMMUNICATION  UTILITIES,1/13/2017,AP,897444,AT&T,8/28/2016,9/27/2016,TELECOMSRV/EQ/TOLL CHARGE,1234.04,2016,AT&T
R000487,HON. EDWARD R. ROYCE,2017Q1,OFFICIAL EXPENSES OF MEMBERS,RENT  COMMUNICATION  UTILITIES,2/28/2017,AP,906704,AT&T,1/1/2017,1/31/2017,TELECOMSRV/EQ/TOLL CHARGE,1311.75,2017,AT&T
R000487,HON. EDWARD R. ROYCE,2017Q1,OFFICIAL EXPENSES OF MEMBERS,RENT  COMMUNICATION  UTILITIES,3/27/2017,AP,909605,AT&T,2/1/2017,2/28/2017,TELECOMSRV/EQ/TOLL CHARGE,1344.91,2017,AT&T
R000487,HON. EDWARD R. ROYCE,2017Q1,OFFICIAL EXPENSES OF MEMBERS,RENT  COMMUNICATION  UTILITIES,1/13/2017,AP,897271,AT&T,12/1/2016,12/31/2016,TELECOMSRV/EQ/TOLL CHARGE,1334.99,2016,AT&T
R000515,HON. BOBBY L. RUSH,2017Q1,OFFICIAL EXPENSES OF MEMBERS,RENT  COMMUNICATION  UTILITIES,2/10/2017,AP,E0484179,AT&T,12/10/2016,1/9/2017,TELECOMSRV/EQ/TOLL CHARGE,1774.98,2017,AT&T
R000515,HON. BOBBY L. RUSH,2017Q1,OFFICIAL EXPENSES OF MEMBERS,RENT  COMMUNICATION  UTILITIES,1/18/2017,AP,E0477177,AT&T,11/10/2016,12/9/2016,TELECOMSRV/EQ/TOLL CHARGE,1646.79,2016,AT&T
R000570,HON. PAUL D. RYAN,2017Q1,OFFICIAL EXPENSES OF MEMBERS,RENT  COMMUNICATION  UTILITIES,2/2/2017,AP,E0481259,PHONES PLUS BIZ INC,5/1/2016,12/31/2016,TELECOMSRV/EQ/TOLL CHARGE,1670.84,2016,PHONES PLUS BIZ INC
R000570,HON. PAUL D. RYAN,2017Q1,OFFICIAL EXPENSES OF MEMBERS,RENT  COMMUNICATION  UTILITIES,2/2/2017,AP,E0481260,PHONES PLUS BIZ INC,1/1/2016,12/31/2016,TELECOMSRV/EQ/TOLL CHARGE,4250,2016,PHONES PLUS BIZ INC
S001177,HON. GREGORIO SABLAN,2017Q1,OFFICIAL EXPENSES OF MEMBERS,RENT  COMMUNICATION  UTILITIES,2/10/2017,AP,E0486180,IT&E,1/1/2017,1/31/2017,TELECOMSRV/EQ/TOLL CHARGE,1477.47,2017,IT&E
S001177,HON. GREGORIO SABLAN,2017Q1,OFFICIAL EXPENSES OF MEMBERS,RENT  COMMUNICATION  UTILITIES,3/14/2017,AP,E0495127,IT&E,2/1/2017,2/28/2017,TELECOMSRV/EQ/TOLL CHARGE,1488.81,2017,IT&E
S001177,HON. GREGORIO SABLAN,2017Q1,OFFICIAL EXPENSES OF MEMBERS,RENT  COMMUNICATION  UTILITIES,1/3/2017,AP,E0473843,DOCOMO PACIFIC INC,12/1/2016,12/31/2016,TELECOMSRV/EQ/TOLL CHARGE,1034.11,2016,DOCOMO PACIFIC INC
S001177,HON. GREGORIO SABLAN,2017Q1,OFFICIAL EXPENSES OF MEMBERS,RENT  COMMUNICATION  UTILITIES,1/10/2017,AP,E0475902,IT&E,12/1/2016,12/31/2016,TELECOMSRV/EQ/TOLL CHARGE,1490.02,2016,IT&E
S000030,HON. LORETTA SANCHEZ,2017Q1,OFFICIAL EXPENSES OF MEMBERS,RENT  COMMUNICATION  UTILITIES,2/2/2017,AP,E0483682,AT&T,11/22/2016,12/21/2016,TELECOMSRV/EQ/TOLL CHARGE,1680.08,2016,AT&T
S001168,HON. JOHN P. SARBANES,2017Q1,OFFICIAL EXPENSES OF MEMBERS,RENT  COMMUNICATION  UTILITIES,1/12/2017,AP,E0475573,LEIDOS DIGITAL SOLUTIONS INC,12/12/2016,12/12/2016,TELECOMSRV/EQ/TOLL CHARGE,10513.02,2016,LEIDOS DIGITAL SOLUTIONS INC
S001180,HON. KURT SCHRADER,2017Q1,OFFICIAL EXPENSES OF MEMBERS,RENT  COMMUNICATION  UTILITIES,3/7/2017,AP,E0491140,POWELL PHONES LLC,2/15/2017,2/15/2017,TELECOMSRV/EQ/TOLL CHARGE,3975,2017,POWELL PHONES LLC
S001180,HON. KURT SCHRADER,2017Q1,OFFICIAL EXPENSES OF MEMBERS,RENT  COMMUNICATION  UTILITIES,1/13/2017,AP,E0475858,LOW VOLTAGE NW LLC,12/16/2016,12/16/2016,TELECOMSRV/EQ/TOLL CHARGE,3664.89,2016,LOW VOLTAGE NW LLC
S001180,HON. KURT SCHRADER,2017Q1,OFFICIAL EXPENSES OF MEMBERS,RENT  COMMUNICATION  UTILITIES,1/13/2017,AP,E0475859,LOW VOLTAGE NW LLC,12/20/2016,12/20/2016,TELECOMSRV/EQ/TOLL CHARGE,1149,2016,LOW VOLTAGE NW LLC
S001183,HON. DAVID SCHWEIKERT,2017Q1,OFFICIAL EXPENSES OF MEMBERS,RENT  COMMUNICATION  UTILITIES,1/19/2017,AP,898527,KYVON,1/16/2017,1/16/2017,TELECOMSRV/EQ/TOLL CHARGE,7381,2017,KYVON
S000185,"HON. ROBERT C. ""BOBBY"" SCOTT",2017Q1,OFFICIAL EXPENSES OF MEMBERS,RENT  COMMUNICATION  UTILITIES,2/21/2017,AP,E0489113,VERIZON,12/14/2016,1/13/2017,TELECOMSRV/EQ/TOLL CHARGE,1135.52,2017,VERIZON
S000185,"HON. ROBERT C. ""BOBBY"" SCOTT",2017Q1,OFFICIAL EXPENSES OF MEMBERS,RENT  COMMUNICATION  UTILITIES,3/9/2017,AP,907660,KYVON,3/8/2017,3/8/2017,TELECOMSRV/EQ/TOLL CHARGE,3075,2017,KYVON
S000244,HON. F. JAMES SENSENBRENNER  JR.,2017Q1,OFFICIAL EXPENSES OF MEMBERS,RENT  COMMUNICATION  UTILITIES,3/23/2017,AP,E0496539,VERIZON WIRELESS,2/21/2017,3/20/2017,TELECOMSRV/EQ/TOLL CHARGE,1465.41,2017,VERIZON WIRELESS
S000248,HON. JOSE E. SERRANO,2017Q1,OFFICIAL EXPENSES OF MEMBERS,RENT  COMMUNICATION  UTILITIES,2/17/2017,AP,E0488969,VERIZON,1/1/2017,1/31/2017,TELECOMSRV/EQ/TOLL CHARGE,1731.89,2017,VERIZON
S000248,HON. JOSE E. SERRANO,2017Q1,OFFICIAL EXPENSES OF MEMBERS,RENT  COMMUNICATION  UTILITIES,3/28/2017,AP,E0499740,VERIZON,2/1/2017,2/28/2017,TELECOMSRV/EQ/TOLL CHARGE,1751.24,2017,VERIZON
S000248,HON. JOSE E. SERRANO,2017Q1,OFFICIAL EXPENSES OF MEMBERS,RENT  COMMUNICATION  UTILITIES,2/13/2017,AP,E0486530,VERIZON,12/1/2016,12/31/2016,TELECOMSRV/EQ/TOLL CHARGE,1725.42,2016,VERIZON
S000344,HON. BRAD SHERMAN,2017Q1,OFFICIAL EXPENSES OF MEMBERS,RENT  COMMUNICATION  UTILITIES,2/9/2017,AP,E0485662,AT&T,1/10/2017,2/9/2017,TELECOMSRV/EQ/TOLL CHARGE,2199.7,2017,AT&T
S000344,HON. BRAD SHERMAN,2017Q1,OFFICIAL EXPENSES OF MEMBERS,RENT  COMMUNICATION  UTILITIES,3/6/2017,AP,E0492612,AT&T,2/10/2017,3/9/2017,TELECOMSRV/EQ/TOLL CHARGE,2737.39,2017,AT&T
S000344,HON. BRAD SHERMAN,2017Q1,OFFICIAL EXPENSES OF MEMBERS,RENT  COMMUNICATION  UTILITIES,1/24/2017,AP,E0479807,AT&T,12/10/2016,1/2/2017,TELECOMSRV/EQ/TOLL CHARGE,1706.35,2017,AT&T
S001165,HON. ALBIO SIRES,2017Q1,OFFICIAL EXPENSES OF MEMBERS,RENT  COMMUNICATION  UTILITIES,1/3/2017,AP,896860,KYVON,12/27/2016,12/27/2016,TELECOMSRV/EQ/TOLL CHARGE,2432,2016,KYVON
S001172,HON. ADRIAN SMITH,2017Q1,OFFICIAL EXPENSES OF MEMBERS,RENT  COMMUNICATION  UTILITIES,3/16/2017,AP,E0496072,CITIZEN DIALOG LLC,2/27/2017,2/27/2017,TELECOMSRV/EQ/TOLL CHARGE,4100,2017,CITIZEN DIALOG LLC
S000583,HON. LAMAR SMITH,2017Q1,OFFICIAL EXPENSES OF MEMBERS,RENT  COMMUNICATION  UTILITIES,3/17/2017,AP,E0497043,FRONT PORCH STRATEGIES,3/9/2017,3/9/2017,TELECOMSRV/EQ/TOLL CHARGE,3200,2017,FRONT PORCH STRATEGIES
S000583,HON. LAMAR SMITH,2017Q1,OFFICIAL EXPENSES OF MEMBERS,RENT  COMMUNICATION  UTILITIES,3/27/2017,AP,E0499335,FRONT PORCH STRATEGIES,3/14/2017,3/14/2017,TELECOMSRV/EQ/TOLL CHARGE,3200,2017,FRONT PORCH STRATEGIES
S001199,HON. LLOYD SMUCKER,2017Q1,OFFICIAL EXPENSES OF MEMBERS,RENT  COMMUNICATION  UTILITIES,2/28/2017,AP,E0490909,CITIZEN DIALOG LLC,1/30/2017,1/30/2017,TELECOMSRV/EQ/TOLL CHARGE,3000,2017,CITIZEN DIALOG LLC
S001199,HON. LLOYD SMUCKER,2017Q1,OFFICIAL EXPENSES OF MEMBERS,RENT  COMMUNICATION  UTILITIES,3/6/2017,AP,E0492899,CITIZEN DIALOG LLC,2/16/2017,2/16/2017,TELECOMSRV/EQ/TOLL CHARGE,3000,2017,CITIZEN DIALOG LLC
S001199,HON. LLOYD SMUCKER,2017Q1,OFFICIAL EXPENSES OF MEMBERS,RENT  COMMUNICATION  UTILITIES,3/16/2017,AP,E0496614,CITIZEN DIALOG LLC,2/28/2017,2/28/2017,TELECOMSRV/EQ/TOLL CHARGE,3000,2017,CITIZEN DIALOG LLC
S001196,HON. ELISE M. STEFANIK,2017Q1,OFFICIAL EXPENSES OF MEMBERS,RENT  COMMUNICATION  UTILITIES,3/2/2017,AP,E0491849,VERIZON WIRELESS,2/11/2017,3/10/2017,TELECOMSRV/EQ/TOLL CHARGE,1056.64,2017,VERIZON WIRELESS
S001196,HON. ELISE M. STEFANIK,2017Q1,OFFICIAL EXPENSES OF MEMBERS,RENT  COMMUNICATION  UTILITIES,3/21/2017,AP,E0497385,LEIDOS DIGITAL SOLUTIONS INC,2/1/2017,2/1/2017,TELECOMSRV/EQ/TOLL CHARGE,3265.52,2017,LEIDOS DIGITAL SOLUTIONS INC
S001187,HON. STEVE STIVERS,2017Q1,OFFICIAL EXPENSES OF MEMBERS,RENT  COMMUNICATION  UTILITIES,3/2/2017,AP,E0489244,FIRESIDE21,2/7/2017,2/7/2017,TELECOMSRV/EQ/TOLL CHARGE,1900,2017,FIRESIDE21
S001187,HON. STEVE STIVERS,2017Q1,OFFICIAL EXPENSES OF MEMBERS,RENT  COMMUNICATION  UTILITIES,3/2/2017,AP,E0489260,FIRESIDE21,1/11/2017,1/11/2017,TELECOMSRV/EQ/TOLL CHARGE,2250,2017,FIRESIDE21
S001187,HON. STEVE STIVERS,2017Q1,OFFICIAL EXPENSES OF MEMBERS,RENT  COMMUNICATION  UTILITIES,3/21/2017,AP,E0496147,FIRESIDE21,2/14/2017,2/14/2017,TELECOMSRV/EQ/TOLL CHARGE,2160,2017,FIRESIDE21
S001187,HON. STEVE STIVERS,2017Q1,OFFICIAL EXPENSES OF MEMBERS,RENT  COMMUNICATION  UTILITIES,1/6/2017,AP,E0472632,FIRESIDE21,12/6/2016,12/6/2016,TELECOMSRV/EQ/TOLL CHARGE,1805,2016,FIRESIDE21
T000478,HON. CLAUDIA TENNEY,2017Q1,OFFICIAL EXPENSES OF MEMBERS,RENT  COMMUNICATION  UTILITIES,3/8/2017,AP,E0493466,VERIZON WIRELESS,1/30/2017,2/6/2017,TELECOMSRV/EQ/TOLL CHARGE,1456.28,2017,VERIZON WIRELESS
T000193,HON. BENNIE G. THOMPSON,2017Q1,OFFICIAL EXPENSES OF MEMBERS,RENT  COMMUNICATION  UTILITIES,1/24/2017,AP,E0480523,AT&T MOBILITY,12/7/2016,1/6/2017,TELECOMSRV/EQ/TOLL CHARGE,1316.53,2017,AT&T MOBILITY
T000193,HON. BENNIE G. THOMPSON,2017Q1,OFFICIAL EXPENSES OF MEMBERS,RENT  COMMUNICATION  UTILITIES,2/23/2017,AP,E0488377,AT & T,1/1/2017,1/31/2017,TELECOMSRV/EQ/TOLL CHARGE,2880.54,2017,AT & T
T000193,HON. BENNIE G. THOMPSON,2017Q1,OFFICIAL EXPENSES OF MEMBERS,RENT  COMMUNICATION  UTILITIES,3/22/2017,AP,E0497504,AT & T,2/1/2015,2/28/2017,TELECOMSRV/EQ/TOLL CHARGE,2885.54,2017,AT & T
T000193,HON. BENNIE G. THOMPSON,2017Q1,OFFICIAL EXPENSES OF MEMBERS,RENT  COMMUNICATION  UTILITIES,1/25/2017,AP,E0480524,AT & T,12/1/2016,12/31/2016,TELECOMSRV/EQ/TOLL CHARGE,2811.8,2016,AT & T
T000460,HON. MIKE THOMPSON,2017Q1,OFFICIAL EXPENSES OF MEMBERS,RENT  COMMUNICATION  UTILITIES,2/21/2017,AP,E0489895,AT&T,12/10/2016,1/9/2017,TELECOMSRV/EQ/TOLL CHARGE,1309.3,2017,AT&T
T000460,HON. MIKE THOMPSON,2017Q1,OFFICIAL EXPENSES OF MEMBERS,RENT  COMMUNICATION  UTILITIES,3/27/2017,AP,E0499930,AT&T,1/9/2017,3/10/2017,TELECOMSRV/EQ/TOLL CHARGE,1591.47,2017,AT&T
T000460,HON. MIKE THOMPSON,2017Q1,OFFICIAL EXPENSES OF MEMBERS,RENT  COMMUNICATION  UTILITIES,1/11/2017,AP,E0476700,AT&T,10/10/2016,11/9/2016,TELECOMSRV/EQ/TOLL CHARGE,1350.06,2016,AT&T
T000469,HON. PAUL D. TONKO,2017Q1,OFFICIAL EXPENSES OF MEMBERS,RENT  COMMUNICATION  UTILITIES,2/2/2017,AP,901325,VERIZON,12/1/2016,12/31/2016,TELECOMSRV/EQ/TOLL CHARGE,1182.54,2016,VERIZON
T000469,HON. PAUL D. TONKO,2017Q1,OFFICIAL EXPENSES OF MEMBERS,RENT  COMMUNICATION  UTILITIES,2/21/2017,AP,904179,KYVON,2/10/2017,2/10/2017,TELECOMSRV/EQ/TOLL CHARGE,3427,2017,KYVON
T000475,HON. DAVID A. TROTT,2017Q1,OFFICIAL EXPENSES OF MEMBERS,RENT  COMMUNICATION  UTILITIES,3/7/2017,AP,E0491564,HOMETOWN CONNECTIONS INC,2/10/2017,2/10/2017,TELECOMSRV/EQ/TOLL CHARGE,3560.41,2017,HOMETOWN CONNECTIONS INC
T000465,HON. NIKI TSONGAS,2017Q1,OFFICIAL EXPENSES OF MEMBERS,RENT  COMMUNICATION  UTILITIES,3/1/2017,AP,E0491370,DCS CONGRESSIONAL LLC,2/6/2017,2/6/2017,TELECOMSRV/EQ/TOLL CHARGE,3098.4,2017,DCS CONGRESSIONAL LLC
T000465,HON. NIKI TSONGAS,2017Q1,OFFICIAL EXPENSES OF MEMBERS,RENT  COMMUNICATION  UTILITIES,1/3/2017,AP,E0472961,DCS CONGRESSIONAL LLC,12/5/2016,12/5/2016,TELECOMSRV/EQ/TOLL CHARGE,2769.63,2016,DCS CONGRESSIONAL LLC
U000031,HON. FRED UPTON,2017Q1,OFFICIAL EXPENSES OF MEMBERS,RENT  COMMUNICATION  UTILITIES,3/16/2017,AP,E0494768,ICONSTITUENT LLC,2/15/2017,2/15/2017,TELECOMSRV/EQ/TOLL CHARGE,1879.6,2017,ICONSTITUENT LLC
U000031,HON. FRED UPTON,2017Q1,OFFICIAL EXPENSES OF MEMBERS,RENT  COMMUNICATION  UTILITIES,3/16/2017,AP,E0494770,ICONSTITUENT LLC,2/6/2017,2/6/2017,TELECOMSRV/EQ/TOLL CHARGE,1678.4,2017,ICONSTITUENT LLC
U000031,HON. FRED UPTON,2017Q1,OFFICIAL EXPENSES OF MEMBERS,RENT  COMMUNICATION  UTILITIES,3/22/2017,AP,E0495699,ICONSTITUENT LLC,2/28/2017,2/28/2017,TELECOMSRV/EQ/TOLL CHARGE,1903.2,2017,ICONSTITUENT LLC
V000129,HON. DAVID G. VALADAO,2017Q1,OFFICIAL EXPENSES OF MEMBERS,RENT  COMMUNICATION  UTILITIES,3/6/2017,AP,E0493863,FIRESIDE21,2/6/2017,2/6/2017,TELECOMSRV/EQ/TOLL CHARGE,2600,2017,FIRESIDE21
V000129,HON. DAVID G. VALADAO,2017Q1,OFFICIAL EXPENSES OF MEMBERS,RENT  COMMUNICATION  UTILITIES,1/3/2017,AP,E0473524,KYVON,12/23/2016,12/23/2016,TELECOMSRV/EQ/TOLL CHARGE,1920,2016,KYVON
V000131,HON. MARC A. VEASEY,2017Q1,OFFICIAL EXPENSES OF MEMBERS,RENT  COMMUNICATION  UTILITIES,1/30/2017,AP,901451,KYVON,1/27/2017,1/27/2017,TELECOMSRV/EQ/TOLL CHARGE,2250,2017,KYVON
V000131,HON. MARC A. VEASEY,2017Q1,OFFICIAL EXPENSES OF MEMBERS,RENT  COMMUNICATION  UTILITIES,2/2/2017,AP,E0483912,ANGEL M MATHEWS POLITICAL STRATEGIES LLC,10/6/2016,11/17/2016,TELECOMSRV/EQ/TOLL CHARGE,1292.04,2016,ANGEL M MATHEWS POLITICAL STRATEGIES LLC
V000081,HON. NYDIA M. VELAZQUEZ,2017Q1,OFFICIAL EXPENSES OF MEMBERS,RENT  COMMUNICATION  UTILITIES,3/2/2017,AP,E0492138,VERIZON,1/1/2017,1/31/2017,TELECOMSRV/EQ/TOLL CHARGE,1575.44,2017,VERIZON
V000081,HON. NYDIA M. VELAZQUEZ,2017Q1,OFFICIAL EXPENSES OF MEMBERS,RENT  COMMUNICATION  UTILITIES,3/14/2017,AP,E0495787,VERIZON,3/1/2017,3/27/2017,TELECOMSRV/EQ/TOLL CHARGE,1639.87,2017,VERIZON
V000081,HON. NYDIA M. VELAZQUEZ,2017Q1,OFFICIAL EXPENSES OF MEMBERS,RENT  COMMUNICATION  UTILITIES,2/6/2017,AP,E0484392,VERIZON,12/10/2016,1/1/2017,TELECOMSRV/EQ/TOLL CHARGE,1582.04,2017,VERIZON
V000081,HON. NYDIA M. VELAZQUEZ,2017Q1,OFFICIAL EXPENSES OF MEMBERS,RENT  COMMUNICATION  UTILITIES,3/20/2017,AP,E0496766,VERIZON,9/1/2015,9/1/2015,TELECOMSRV/EQ/TOLL CHARGE,1490.5,2015,VERIZON
V000108,HON. PETER J. VISCLOSKY,2017Q1,OFFICIAL EXPENSES OF MEMBERS,RENT  COMMUNICATION  UTILITIES,3/17/2017,AP,E0495849,AT&T,1/13/2017,2/13/2017,TELECOMSRV/EQ/TOLL CHARGE,1320.76,2017,AT&T
V000108,HON. PETER J. VISCLOSKY,2017Q1,OFFICIAL EXPENSES OF MEMBERS,RENT  COMMUNICATION  UTILITIES,1/20/2017,AP,E0479080,AT&T,11/13/2016,12/12/2016,TELECOMSRV/EQ/TOLL CHARGE,1320.65,2016,AT&T
W000812,HON. ANN WAGNER,2017Q1,OFFICIAL EXPENSES OF MEMBERS,RENT  COMMUNICATION  UTILITIES,1/18/2017,AP,E0477614,VERIZON WIRELESS,12/24/2016,1/23/2017,TELECOMSRV/EQ/TOLL CHARGE,1017.84,2017,VERIZON WIRELESS
W000812,HON. ANN WAGNER,2017Q1,OFFICIAL EXPENSES OF MEMBERS,RENT  COMMUNICATION  UTILITIES,3/22/2017,AP,E0496477,VERIZON WIRELESS,2/16/2017,3/23/2017,TELECOMSRV/EQ/TOLL CHARGE,1226.42,2017,VERIZON WIRELESS
W000798,HON. TIM WALBERG,2017Q1,OFFICIAL EXPENSES OF MEMBERS,RENT  COMMUNICATION  UTILITIES,1/20/2017,AP,E0479150,CONSTITUENT SERVICES INC,1/11/2017,1/11/2017,TELECOMSRV/EQ/TOLL CHARGE,2910,2017,CONSTITUENT SERVICES INC
W000798,HON. TIM WALBERG,2017Q1,OFFICIAL EXPENSES OF MEMBERS,RENT  COMMUNICATION  UTILITIES,1/23/2017,AP,E0479294,CONSTITUENT SERVICES INC,1/12/2017,1/12/2017,TELECOMSRV/EQ/TOLL CHARGE,3185,2017,CONSTITUENT SERVICES INC
W000798,HON. TIM WALBERG,2017Q1,OFFICIAL EXPENSES OF MEMBERS,RENT  COMMUNICATION  UTILITIES,2/21/2017,AP,E0486668,CONSTITUENT SERVICES INC,2/7/2017,2/7/2017,TELECOMSRV/EQ/TOLL CHARGE,2860,2017,CONSTITUENT SERVICES INC
W000798,HON. TIM WALBERG,2017Q1,OFFICIAL EXPENSES OF MEMBERS,RENT  COMMUNICATION  UTILITIES,3/6/2017,AP,E0489387,CONSTITUENT SERVICES INC,2/14/2017,2/14/2017,TELECOMSRV/EQ/TOLL CHARGE,2860,2017,CONSTITUENT SERVICES INC
W000798,HON. TIM WALBERG,2017Q1,OFFICIAL EXPENSES OF MEMBERS,RENT  COMMUNICATION  UTILITIES,3/16/2017,AP,E0495713,CONSTITUENT SERVICES INC,3/7/2017,3/7/2017,TELECOMSRV/EQ/TOLL CHARGE,2860,2017,CONSTITUENT SERVICES INC
W000798,HON. TIM WALBERG,2017Q1,OFFICIAL EXPENSES OF MEMBERS,RENT  COMMUNICATION  UTILITIES,3/21/2017,AP,E0497166,CONSTITUENT SERVICES INC,3/10/2017,3/10/2017,TELECOMSRV/EQ/TOLL CHARGE,2860,2017,CONSTITUENT SERVICES INC
W000798,HON. TIM WALBERG,2017Q1,OFFICIAL EXPENSES OF MEMBERS,RENT  COMMUNICATION  UTILITIES,1/15/2017,AP,E0476088,PC SOLUTIONS OF MICHIGAN LLC,12/29/2016,12/29/2016,TELECOMSRV/EQ/TOLL CHARGE,2658.32,2016,PC SOLUTIONS OF MICHIGAN LLC
W000797,HON. DEBBIE WASSERMAN-SCHULTZ,2017Q1,OFFICIAL EXPENSES OF MEMBERS,RENT  COMMUNICATION  UTILITIES,2/28/2017,AP,E0490733,AT & T,12/17/2016,1/16/2017,TELECOMSRV/EQ/TOLL CHARGE,1013.48,2017,AT & T
W000797,HON. DEBBIE WASSERMAN-SCHULTZ,2017Q1,OFFICIAL EXPENSES OF MEMBERS,RENT  COMMUNICATION  UTILITIES,1/24/2017,AP,900902,DEFINITIVE SERVICES INC,1/11/2017,1/11/2017,TELECOMSRV/EQ/TOLL CHARGE,4556,2017,DEFINITIVE SERVICES INC
W000187,HON. MAXINE WATERS,2017Q1,OFFICIAL EXPENSES OF MEMBERS,RENT  COMMUNICATION  UTILITIES,3/31/2017,AP,E0501245,AT&T,1/8/2017,2/7/2017,TELECOMSRV/EQ/TOLL CHARGE,1614.54,2017,AT&T
W000806,HON. DANIEL WEBSTER,2017Q1,OFFICIAL EXPENSES OF MEMBERS,RENT  COMMUNICATION  UTILITIES,2/21/2017,AP,904164,KYVON,2/10/2017,2/10/2017,TELECOMSRV/EQ/TOLL CHARGE,2200,2017,KYVON
W000800,HON. PETER WELCH,2017Q1,OFFICIAL EXPENSES OF MEMBERS,RENT  COMMUNICATION  UTILITIES,1/5/2017,AP,E0469770,LEIDOS DIGITAL SOLUTIONS INC,11/29/2016,11/29/2016,TELECOMSRV/EQ/TOLL CHARGE,9903,2016,LEIDOS DIGITAL SOLUTIONS INC
W000815,HON. BRAD R. WENSTRUP,2017Q1,OFFICIAL EXPENSES OF MEMBERS,RENT  COMMUNICATION  UTILITIES,3/5/2017,AP,E0491578,CINCINNATI BELL ANY DISTANCE INC,1/10/2017,2/9/2017,TELECOMSRV/EQ/TOLL CHARGE,1223.1,2017,CINCINNATI BELL ANY DISTANCE INC
W000815,HON. BRAD R. WENSTRUP,2017Q1,OFFICIAL EXPENSES OF MEMBERS,RENT  COMMUNICATION  UTILITIES,3/9/2017,AP,E0492843,HOMETOWN CONNECTIONS INC,2/15/2017,2/15/2017,TELECOMSRV/EQ/TOLL CHARGE,3926.08,2017,HOMETOWN CONNECTIONS INC
W000808,HON. FREDERICA S. WILSON,2017Q1,OFFICIAL EXPENSES OF MEMBERS,RENT  COMMUNICATION  UTILITIES,2/17/2017,AP,904174,CITI PCARD-ATT CONS PHONE PMT,1/3/2017,1/28/2017,TELECOMSRV/EQ/TOLL CHARGE,1348.48,2017,CITI PCARD-ATT CONS PHONE PMT
W000808,HON. FREDERICA S. WILSON,2017Q1,OFFICIAL EXPENSES OF MEMBERS,RENT  COMMUNICATION  UTILITIES,3/21/2017,AP,912200,CITI PCARD-ATT CONS PHONE PMT,1/29/2017,2/28/2017,TELECOMSRV/EQ/TOLL CHARGE,1372.29,2017,CITI PCARD-ATT CONS PHONE PMT
W000808,HON. FREDERICA S. WILSON,2017Q1,OFFICIAL EXPENSES OF MEMBERS,RENT  COMMUNICATION  UTILITIES,3/21/2017,AP,912200,CITI PCARD-VZWRLSS APOCC VISB,1/29/2017,2/28/2017,TELECOMSRV/EQ/TOLL CHARGE,1133.88,2017,CITI PCARD-VZWRLSS APOCC VISB
W000808,HON. FREDERICA S. WILSON,2017Q1,OFFICIAL EXPENSES OF MEMBERS,RENT  COMMUNICATION  UTILITIES,1/12/2017,AP,897346,KYVON,1/9/2017,1/9/2017,TELECOMSRV/EQ/TOLL CHARGE,3631,2017,KYVON
W000808,HON. FREDERICA S. WILSON,2017Q1,OFFICIAL EXPENSES OF MEMBERS,RENT  COMMUNICATION  UTILITIES,1/19/2017,AP,900647,CITI PCARD-ATT CONS PHONE PMT,11/29/2016,12/28/2016,TELECOMSRV/EQ/TOLL CHARGE,1348.48,2016,CITI PCARD-ATT CONS PHONE PMT
W000804,HON. ROBERT J. WITTMAN,2017Q1,OFFICIAL EXPENSES OF MEMBERS,RENT  COMMUNICATION  UTILITIES,3/15/2017,AP,907428,CONSTITUENT SERVICES INC,3/3/2017,3/3/2017,TELECOMSRV/EQ/TOLL CHARGE,2110,2017,CONSTITUENT SERVICES INC
W000804,HON. ROBERT J. WITTMAN,2017Q1,OFFICIAL EXPENSES OF MEMBERS,RENT  COMMUNICATION  UTILITIES,3/28/2017,AP,908020,CONSTITUENT SERVICES INC,3/9/2017,3/9/2017,TELECOMSRV/EQ/TOLL CHARGE,2010,2017,CONSTITUENT SERVICES INC
W000810,HON. ROB WOODALL,2017Q1,OFFICIAL EXPENSES OF MEMBERS,RENT  COMMUNICATION  UTILITIES,1/27/2017,AP,E0479767,DIGITAL AGENT LLC,1/1/2017,12/31/2017,TELECOMSRV/EQ/TOLL CHARGE,11139.12,2017,DIGITAL AGENT LLC
W000810,HON. ROB WOODALL,2017Q1,OFFICIAL EXPENSES OF MEMBERS,RENT  COMMUNICATION  UTILITIES,3/23/2017,AP,907355,FRONT PORCH STRATEGIES,2/15/2017,2/15/2017,TELECOMSRV/EQ/TOLL CHARGE,2923.75,2017,FRONT PORCH STRATEGIES
Y000062,HON. JOHN A. YARMUTH,2017Q1,OFFICIAL EXPENSES OF MEMBERS,RENT  COMMUNICATION  UTILITIES,3/1/2017,AP,E0492942,AT & T,1/1/2017,1/31/2017,TELECOMSRV/EQ/TOLL CHARGE,1507.25,2017,AT & T
Y000062,HON. JOHN A. YARMUTH,2017Q1,OFFICIAL EXPENSES OF MEMBERS,RENT  COMMUNICATION  UTILITIES,3/22/2017,AP,E0500688,AT & T,2/1/2017,2/28/2017,TELECOMSRV/EQ/TOLL CHARGE,1509.46,2017,AT & T
Y000062,HON. JOHN A. YARMUTH,2017Q1,OFFICIAL EXPENSES OF MEMBERS,RENT  COMMUNICATION  UTILITIES,1/24/2017,AP,E0481407,AT & T,12/1/2016,12/31/2016,TELECOMSRV/EQ/TOLL CHARGE,1507.99,2016,AT & T
Y000063,HON. KEVIN YODER,2017Q1,OFFICIAL EXPENSES OF MEMBERS,RENT  COMMUNICATION  UTILITIES,3/22/2017,AP,E0495825,CAPITOL FRANKING GROUP LLC,2/2/2017,2/2/2017,TELECOMSRV/EQ/TOLL CHARGE,5198,2017,CAPITOL FRANKING GROUP LLC
Y000063,HON. KEVIN YODER,2017Q1,OFFICIAL EXPENSES OF MEMBERS,RENT  COMMUNICATION  UTILITIES,3/22/2017,AP,E0495826,CAPITOL FRANKING GROUP LLC,2/23/2017,2/23/2017,TELECOMSRV/EQ/TOLL CHARGE,5198,2017,CAPITOL FRANKING GROUP LLC
Y000066,HON. DAVID YOUNG,2017Q1,OFFICIAL EXPENSES OF MEMBERS,RENT  COMMUNICATION  UTILITIES,3/8/2017,AP,907572,KYVON,3/1/2017,3/1/2017,TELECOMSRV/EQ/TOLL CHARGE,2904,2017,KYVON
